Periode,Lini_Bisnis,Premi_akumulasi,Klaim_akumulasi,Premi,Klaim,bI_rate,inflasi,kurs_dolar,A_Pertanian_Kehutanan_dan_Perikanan,B_Pertambangan_dan_Penggalian,C_Industri_Pengolahan,D_Pengadaan_Listrik_dan_Gas,E_Pengadaan_Air_Pengelolaan_Sampah_Limbah_dan_Daur_Ulang,F_Konstruksi,G_Perdagangan_Besar_dan_Eceran_Reparasi_Mobil_dan_Sepeda_Motor,G1_Perdagangan_Mobil_Sepeda_Motor_dan_Reparasinya,H_Transportasi_dan_Pergudangan,I_Penyediaan_Akomodasi_dan_Makan_Minum,J_Informasi_dan_Komunikasi,K_Jasa_Keuangan_dan_Asuransi,K2_Asuransi_dan_Dana_Pensiun,L_Real_Estate,M_N_Jasa_Perusahaan,O_Administrasi_Pemerintahan_Pertahanan_dan_Jaminan_Sosial_Wajib,P_Jasa_Pendidikan,Q_Jasa_Kesehatan_dan_Kegiatan_Sosial,R_S_T_U_Jasa_lainnya,C_PRODUK_DOMESTIK_BRUTO
2017-03-01,PROPERTY,4110.1563,1593.59088,4110.1563,1593.59088,4.75,3.61,13321,7.14,-1.3,4.28,1.6,4.38,5.96,4.61,3.32,8.06,5.36,10.48,6.01,5.4,3.63,6.83,0.22,4.1,7.1,7.97,5.01
2017-03-01,MOTOR VEHICLE,4103.61807,1971.8507,4103.61807,1971.8507,4.75,3.61,13321,7.14,-1.3,4.28,1.6,4.38,5.96,4.61,3.32,8.06,5.36,10.48,6.01,5.4,3.63,6.83,0.22,4.1,7.1,7.97,5.01
2017-03-01,MARINE CARGO,1034.4694,219.08604,1034.4694,219.08604,4.75,3.61,13321,7.14,-1.3,4.28,1.6,4.38,5.96,4.61,3.32,8.06,5.36,10.48,6.01,5.4,3.63,6.83,0.22,4.1,7.1,7.97,5.01
2017-03-01,MARINE HULL,474.51724,224.55093,474.51724,224.55093,4.75,3.61,13321,7.14,-1.3,4.28,1.6,4.38,5.96,4.61,3.32,8.06,5.36,10.48,6.01,5.4,3.63,6.83,0.22,4.1,7.1,7.97,5.01
2017-03-01,AVIATION & SATELITE,251.63758,195.78303,251.63758,195.78303,4.75,3.61,13321,7.14,-1.3,4.28,1.6,4.38,5.96,4.61,3.32,8.06,5.36,10.48,6.01,5.4,3.63,6.83,0.22,4.1,7.1,7.97,5.01
2017-03-01,ENERGY,110.25198,410.99584,110.25198,410.99584,4.75,3.61,13321,7.14,-1.3,4.28,1.6,4.38,5.96,4.61,3.32,8.06,5.36,10.48,6.01,5.4,3.63,6.83,0.22,4.1,7.1,7.97,5.01
2017-03-01,ENGINEERING,480.39213,245.49586,480.39213,245.49586,4.75,3.61,13321,7.14,-1.3,4.28,1.6,4.38,5.96,4.61,3.32,8.06,5.36,10.48,6.01,5.4,3.63,6.83,0.22,4.1,7.1,7.97,5.01
2017-03-01,LIABILITY,512.22484,40.86163,512.22484,40.86163,4.75,3.61,13321,7.14,-1.3,4.28,1.6,4.38,5.96,4.61,3.32,8.06,5.36,10.48,6.01,5.4,3.63,6.83,0.22,4.1,7.1,7.97,5.01
2017-03-01,PERSONAL ACCIDENT & HEALTH,1892.47063,1055.60157,1892.47063,1055.60157,4.75,3.61,13321,7.14,-1.3,4.28,1.6,4.38,5.96,4.61,3.32,8.06,5.36,10.48,6.01,5.4,3.63,6.83,0.22,4.1,7.1,7.97,5.01
2017-03-01,CREDIT INSURANCE,1089.38962,632.04639,1089.38962,632.04639,4.75,3.61,13321,7.14,-1.3,4.28,1.6,4.38,5.96,4.61,3.32,8.06,5.36,10.48,6.01,5.4,3.63,6.83,0.22,4.1,7.1,7.97,5.01
2017-03-01,SURETY SHIP,363.26813,120.56837,363.26813,120.56837,4.75,3.61,13321,7.14,-1.3,4.28,1.6,4.38,5.96,4.61,3.32,8.06,5.36,10.48,6.01,5.4,3.63,6.83,0.22,4.1,7.1,7.97,5.01
2017-03-01,MISCELLANEOUS,675.58138,115.56737,675.58138,115.56737,4.75,3.61,13321,7.14,-1.3,4.28,1.6,4.38,5.96,4.61,3.32,8.06,5.36,10.48,6.01,5.4,3.63,6.83,0.22,4.1,7.1,7.97,5.01
2017-06-01,PROPERTY,8254.33,2941.04,4144.1737,1347.44912,4.75,4.37,13319,3.35,2.11,3.5,-2.53,3.66,6.95,3.46,3.46,8.8,5.62,11.06,5.93,4.71,3.69,8.24,-0.03,0.96,6.38,8.59,5.01
2017-06-01,MOTOR VEHICLE,8453,3531.38,4349.38193,1559.5293,4.75,4.37,13319,3.35,2.11,3.5,-2.53,3.66,6.95,3.46,3.46,8.8,5.62,11.06,5.93,4.71,3.69,8.24,-0.03,0.96,6.38,8.59,5.01
2017-06-01,MARINE CARGO,1666.72,512.76,632.2506,293.67396,4.75,4.37,13319,3.35,2.11,3.5,-2.53,3.66,6.95,3.46,3.46,8.8,5.62,11.06,5.93,4.71,3.69,8.24,-0.03,0.96,6.38,8.59,5.01
2017-06-01,MARINE HULL,785.75,617.57,311.23276,393.01907,4.75,4.37,13319,3.35,2.11,3.5,-2.53,3.66,6.95,3.46,3.46,8.8,5.62,11.06,5.93,4.71,3.69,8.24,-0.03,0.96,6.38,8.59,5.01
2017-06-01,AVIATION & SATELITE,194.7,212.61,-56.93758,16.82697,4.75,4.37,13319,3.35,2.11,3.5,-2.53,3.66,6.95,3.46,3.46,8.8,5.62,11.06,5.93,4.71,3.69,8.24,-0.03,0.96,6.38,8.59,5.01
2017-06-01,ENERGY,1179.78,1012.25,1069.52802,601.25416,4.75,4.37,13319,3.35,2.11,3.5,-2.53,3.66,6.95,3.46,3.46,8.8,5.62,11.06,5.93,4.71,3.69,8.24,-0.03,0.96,6.38,8.59,5.01
2017-06-01,ENGINEERING,991.54,472.23,511.14787,226.73414,4.75,4.37,13319,3.35,2.11,3.5,-2.53,3.66,6.95,3.46,3.46,8.8,5.62,11.06,5.93,4.71,3.69,8.24,-0.03,0.96,6.38,8.59,5.01
2017-06-01,LIABILITY,1023.53,147.79,511.30516,106.92837,4.75,4.37,13319,3.35,2.11,3.5,-2.53,3.66,6.95,3.46,3.46,8.8,5.62,11.06,5.93,4.71,3.69,8.24,-0.03,0.96,6.38,8.59,5.01
2017-06-01,PERSONAL ACCIDENT & HEALTH,3009.7,1906.12,1117.22937,850.51843,4.75,4.37,13319,3.35,2.11,3.5,-2.53,3.66,6.95,3.46,3.46,8.8,5.62,11.06,5.93,4.71,3.69,8.24,-0.03,0.96,6.38,8.59,5.01
2017-06-01,CREDIT INSURANCE,2329.09,521.84,1239.70038,-110.20639,4.75,4.37,13319,3.35,2.11,3.5,-2.53,3.66,6.95,3.46,3.46,8.8,5.62,11.06,5.93,4.71,3.69,8.24,-0.03,0.96,6.38,8.59,5.01
2017-06-01,SURETY SHIP,624.95,150.35,261.68187,29.78163,4.75,4.37,13319,3.35,2.11,3.5,-2.53,3.66,6.95,3.46,3.46,8.8,5.62,11.06,5.93,4.71,3.69,8.24,-0.03,0.96,6.38,8.59,5.01
2017-06-01,MISCELLANEOUS,1330,437.87,654.41862,322.30263,4.75,4.37,13319,3.35,2.11,3.5,-2.53,3.66,6.95,3.46,3.46,8.8,5.62,11.06,5.93,4.71,3.69,8.24,-0.03,0.96,6.38,8.59,5.01
2017-09-01,PROPERTY,13035.3,4314.8,4780.97,1373.76,4.25,3.72,13492,2.86,1.83,4.88,4.88,4.81,6.98,5.22,6.5,8.88,5.54,8.82,6.14,14.12,3.52,9.37,0.67,3.7,7.56,9.39,5.06
2017-09-01,MOTOR VEHICLE,12458,5535.1,4005,2003.72,4.25,3.72,13492,2.86,1.83,4.88,4.88,4.81,6.98,5.22,6.5,8.88,5.54,8.82,6.14,14.12,3.52,9.37,0.67,3.7,7.56,9.39,5.06
2017-09-01,MARINE CARGO,2238.8,782.6,572.08,269.84,4.25,3.72,13492,2.86,1.83,4.88,4.88,4.81,6.98,5.22,6.5,8.88,5.54,8.82,6.14,14.12,3.52,9.37,0.67,3.7,7.56,9.39,5.06
2017-09-01,MARINE HULL,1160.3,930,374.55,312.43,4.25,3.72,13492,2.86,1.83,4.88,4.88,4.81,6.98,5.22,6.5,8.88,5.54,8.82,6.14,14.12,3.52,9.37,0.67,3.7,7.56,9.39,5.06
2017-09-01,AVIATION & SATELITE,545.2,318.9,350.5,106.29,4.25,3.72,13492,2.86,1.83,4.88,4.88,4.81,6.98,5.22,6.5,8.88,5.54,8.82,6.14,14.12,3.52,9.37,0.67,3.7,7.56,9.39,5.06
2017-09-01,ENERGY,1304.6,1152.9,124.82,140.65,4.25,3.72,13492,2.86,1.83,4.88,4.88,4.81,6.98,5.22,6.5,8.88,5.54,8.82,6.14,14.12,3.52,9.37,0.67,3.7,7.56,9.39,5.06
2017-09-01,ENGINEERING,1604.1,740,612.56,267.77,4.25,3.72,13492,2.86,1.83,4.88,4.88,4.81,6.98,5.22,6.5,8.88,5.54,8.82,6.14,14.12,3.52,9.37,0.67,3.7,7.56,9.39,5.06
2017-09-01,LIABILITY,1366.7,244.1,343.17,96.31,4.25,3.72,13492,2.86,1.83,4.88,4.88,4.81,6.98,5.22,6.5,8.88,5.54,8.82,6.14,14.12,3.52,9.37,0.67,3.7,7.56,9.39,5.06
2017-09-01,PERSONAL ACCIDENT & HEALTH,4334.3,2937.4,1324.6,1031.28,4.25,3.72,13492,2.86,1.83,4.88,4.88,4.81,6.98,5.22,6.5,8.88,5.54,8.82,6.14,14.12,3.52,9.37,0.67,3.7,7.56,9.39,5.06
2017-09-01,CREDIT INSURANCE,3399.7,1899.7,1070.61,1377.86,4.25,3.72,13492,2.86,1.83,4.88,4.88,4.81,6.98,5.22,6.5,8.88,5.54,8.82,6.14,14.12,3.52,9.37,0.67,3.7,7.56,9.39,5.06
2017-09-01,SURETY SHIP,909.6,213.9,284.65,63.55,4.25,3.72,13492,2.86,1.83,4.88,4.88,4.81,6.98,5.22,6.5,8.88,5.54,8.82,6.14,14.12,3.52,9.37,0.67,3.7,7.56,9.39,5.06
2017-09-01,MISCELLANEOUS,1891.3,684.6,561.3,246.73,4.25,3.72,13492,2.86,1.83,4.88,4.88,4.81,6.98,5.22,6.5,8.88,5.54,8.82,6.14,14.12,3.52,9.37,0.67,3.7,7.56,9.39,5.06
2017-12-01,PROPERTY,18537.83,5985.35,5502.53,1670.55,4.25,3.61,13548,3.92,0.66,4.29,1.54,4.59,6.8,4.46,4.75,8.49,5.41,9.63,5.47,9.33,3.6,8.44,2.05,3.72,6.84,8.73,5.07
2017-12-01,MOTOR VEHICLE,17317.97,7532.56,4859.97,1997.46,4.25,3.61,13548,3.92,0.66,4.29,1.54,4.59,6.8,4.46,4.75,8.49,5.41,9.63,5.47,9.33,3.6,8.44,2.05,3.72,6.84,8.73,5.07
2017-12-01,MARINE CARGO,3143.92,1085.93,905.12,303.33,4.25,3.61,13548,3.92,0.66,4.29,1.54,4.59,6.8,4.46,4.75,8.49,5.41,9.63,5.47,9.33,3.6,8.44,2.05,3.72,6.84,8.73,5.07
2017-12-01,MARINE HULL,1620.16,1309.16,459.86,379.16,4.25,3.61,13548,3.92,0.66,4.29,1.54,4.59,6.8,4.46,4.75,8.49,5.41,9.63,5.47,9.33,3.6,8.44,2.05,3.72,6.84,8.73,5.07
2017-12-01,AVIATION & SATELITE,899.06,355.78,353.86,36.88,4.25,3.61,13548,3.92,0.66,4.29,1.54,4.59,6.8,4.46,4.75,8.49,5.41,9.63,5.47,9.33,3.6,8.44,2.05,3.72,6.84,8.73,5.07
2017-12-01,ENERGY,1638.51,1598.83,333.91,445.93,4.25,3.61,13548,3.92,0.66,4.29,1.54,4.59,6.8,4.46,4.75,8.49,5.41,9.63,5.47,9.33,3.6,8.44,2.05,3.72,6.84,8.73,5.07
2017-12-01,ENGINEERING,2595.47,1355.38,991.37,615.38,4.25,3.61,13548,3.92,0.66,4.29,1.54,4.59,6.8,4.46,4.75,8.49,5.41,9.63,5.47,9.33,3.6,8.44,2.05,3.72,6.84,8.73,5.07
2017-12-01,LIABILITY,2019.12,247.45,652.42,3.35,4.25,3.61,13548,3.92,0.66,4.29,1.54,4.59,6.8,4.46,4.75,8.49,5.41,9.63,5.47,9.33,3.6,8.44,2.05,3.72,6.84,8.73,5.07
2017-12-01,PERSONAL ACCIDENT & HEALTH,6568.99,4006.91,2234.69,1069.51,4.25,3.61,13548,3.92,0.66,4.29,1.54,4.59,6.8,4.46,4.75,8.49,5.41,9.63,5.47,9.33,3.6,8.44,2.05,3.72,6.84,8.73,5.07
2017-12-01,CREDIT INSURANCE,5168.97,2910.54,1769.27,1010.84,4.25,3.61,13548,3.92,0.66,4.29,1.54,4.59,6.8,4.46,4.75,8.49,5.41,9.63,5.47,9.33,3.6,8.44,2.05,3.72,6.84,8.73,5.07
2017-12-01,SURETY SHIP,1433.26,276.63,523.66,62.73,4.25,3.61,13548,3.92,0.66,4.29,1.54,4.59,6.8,4.46,4.75,8.49,5.41,9.63,5.47,9.33,3.6,8.44,2.05,3.72,6.84,8.73,5.07
2017-12-01,MISCELLANEOUS,2668.36,988.17,777.06,303.57,4.25,3.61,13548,3.92,0.66,4.29,1.54,4.59,6.8,4.46,4.75,8.49,5.41,9.63,5.47,9.33,3.6,8.44,2.05,3.72,6.84,8.73,5.07
2018-03-01,PROPERTY,3695.7,1034.6,3695.7,1034.6,4.25,3.4,13756,3.34,1.06,4.61,3.31,3.7,7.35,4.98,5.88,8.48,5.2,7.76,4.3,12.68,3.08,8.04,5.72,4.82,6.05,8.4,5.07
2018-03-01,MOTOR VEHICLE,4798.37,1965.93,4798.37,1965.93,4.25,3.4,13756,3.34,1.06,4.61,3.31,3.7,7.35,4.98,5.88,8.48,5.2,7.76,4.3,12.68,3.08,8.04,5.72,4.82,6.05,8.4,5.07
2018-03-01,MARINE CARGO,1173.87,226.02,1173.87,226.02,4.25,3.4,13756,3.34,1.06,4.61,3.31,3.7,7.35,4.98,5.88,8.48,5.2,7.76,4.3,12.68,3.08,8.04,5.72,4.82,6.05,8.4,5.07
2018-03-01,MARINE HULL,434,272.53,434,272.53,4.25,3.4,13756,3.34,1.06,4.61,3.31,3.7,7.35,4.98,5.88,8.48,5.2,7.76,4.3,12.68,3.08,8.04,5.72,4.82,6.05,8.4,5.07
2018-03-01,AVIATION & SATELITE,178.38,46.74,178.38,46.74,4.25,3.4,13756,3.34,1.06,4.61,3.31,3.7,7.35,4.98,5.88,8.48,5.2,7.76,4.3,12.68,3.08,8.04,5.72,4.82,6.05,8.4,5.07
2018-03-01,ENERGY,64.25,57.36,64.25,57.36,4.25,3.4,13756,3.34,1.06,4.61,3.31,3.7,7.35,4.98,5.88,8.48,5.2,7.76,4.3,12.68,3.08,8.04,5.72,4.82,6.05,8.4,5.07
2018-03-01,ENGINEERING,656.83,289.81,656.83,289.81,4.25,3.4,13756,3.34,1.06,4.61,3.31,3.7,7.35,4.98,5.88,8.48,5.2,7.76,4.3,12.68,3.08,8.04,5.72,4.82,6.05,8.4,5.07
2018-03-01,LIABILITY,945.58,52.58,945.58,52.58,4.25,3.4,13756,3.34,1.06,4.61,3.31,3.7,7.35,4.98,5.88,8.48,5.2,7.76,4.3,12.68,3.08,8.04,5.72,4.82,6.05,8.4,5.07
2018-03-01,PERSONAL ACCIDENT & HEALTH,2061.43,1066.25,2061.43,1066.25,4.25,3.4,13756,3.34,1.06,4.61,3.31,3.7,7.35,4.98,5.88,8.48,5.2,7.76,4.3,12.68,3.08,8.04,5.72,4.82,6.05,8.4,5.07
2018-03-01,CREDIT INSURANCE,1465.27,857.82,1465.27,857.82,4.25,3.4,13756,3.34,1.06,4.61,3.31,3.7,7.35,4.98,5.88,8.48,5.2,7.76,4.3,12.68,3.08,8.04,5.72,4.82,6.05,8.4,5.07
2018-03-01,SURETY SHIP,331.37,105.17,331.37,105.17,4.25,3.4,13756,3.34,1.06,4.61,3.31,3.7,7.35,4.98,5.88,8.48,5.2,7.76,4.3,12.68,3.08,8.04,5.72,4.82,6.05,8.4,5.07
2018-03-01,MISCELLANEOUS,810.12,93.35,810.12,93.35,4.25,3.4,13756,3.34,1.06,4.61,3.31,3.7,7.35,4.98,5.88,8.48,5.2,7.76,4.3,12.68,3.08,8.04,5.72,4.82,6.05,8.4,5.07
2018-06-01,PROPERTY,8350.21,2730.01,4654.51,1695.41,5.25,3.12,14404,4.7,2.65,3.89,7.56,4.32,5.73,5.21,4.16,8.71,5.62,5.11,3.09,9.76,2.96,8.89,7.16,5.03,7.07,9.19,5.27
2018-06-01,MOTOR VEHICLE,9214.43,3759.77,4416.06,1793.84,5.25,3.12,14404,4.7,2.65,3.89,7.56,4.32,5.73,5.21,4.16,8.71,5.62,5.11,3.09,9.76,2.96,8.89,7.16,5.03,7.07,9.19,5.27
2018-06-01,MARINE CARGO,1860.95,401.75,687.08,175.73,5.25,3.12,14404,4.7,2.65,3.89,7.56,4.32,5.73,5.21,4.16,8.71,5.62,5.11,3.09,9.76,2.96,8.89,7.16,5.03,7.07,9.19,5.27
2018-06-01,MARINE HULL,752.82,415.05,318.82,142.52,5.25,3.12,14404,4.7,2.65,3.89,7.56,4.32,5.73,5.21,4.16,8.71,5.62,5.11,3.09,9.76,2.96,8.89,7.16,5.03,7.07,9.19,5.27
2018-06-01,AVIATION & SATELITE,561.02,192.66,382.64,145.92,5.25,3.12,14404,4.7,2.65,3.89,7.56,4.32,5.73,5.21,4.16,8.71,5.62,5.11,3.09,9.76,2.96,8.89,7.16,5.03,7.07,9.19,5.27
2018-06-01,ENERGY,1071.71,240.7,1007.46,183.34,5.25,3.12,14404,4.7,2.65,3.89,7.56,4.32,5.73,5.21,4.16,8.71,5.62,5.11,3.09,9.76,2.96,8.89,7.16,5.03,7.07,9.19,5.27
2018-06-01,ENGINEERING,838.6,589.52,181.77,299.71,5.25,3.12,14404,4.7,2.65,3.89,7.56,4.32,5.73,5.21,4.16,8.71,5.62,5.11,3.09,9.76,2.96,8.89,7.16,5.03,7.07,9.19,5.27
2018-06-01,LIABILITY,1564.96,116.07,619.38,63.49,5.25,3.12,14404,4.7,2.65,3.89,7.56,4.32,5.73,5.21,4.16,8.71,5.62,5.11,3.09,9.76,2.96,8.89,7.16,5.03,7.07,9.19,5.27
2018-06-01,PERSONAL ACCIDENT & HEALTH,3363.61,2028.81,1302.18,962.56,5.25,3.12,14404,4.7,2.65,3.89,7.56,4.32,5.73,5.21,4.16,8.71,5.62,5.11,3.09,9.76,2.96,8.89,7.16,5.03,7.07,9.19,5.27
2018-06-01,CREDIT INSURANCE,2974.67,1735.6,1509.4,877.78,5.25,3.12,14404,4.7,2.65,3.89,7.56,4.32,5.73,5.21,4.16,8.71,5.62,5.11,3.09,9.76,2.96,8.89,7.16,5.03,7.07,9.19,5.27
2018-06-01,SURETY SHIP,673.12,185.57,341.75,80.4,5.25,3.12,14404,4.7,2.65,3.89,7.56,4.32,5.73,5.21,4.16,8.71,5.62,5.11,3.09,9.76,2.96,8.89,7.16,5.03,7.07,9.19,5.27
2018-06-01,MISCELLANEOUS,1904.34,480.98,1094.22,387.63,5.25,3.12,14404,4.7,2.65,3.89,7.56,4.32,5.73,5.21,4.16,8.71,5.62,5.11,3.09,9.76,2.96,8.89,7.16,5.03,7.07,9.19,5.27
2018-09-01,PROPERTY,12196.21,4045.73,3846,1315.72,5.75,2.88,14929,3.62,2.67,4.36,5.58,6.19,5.79,5.26,4.95,5.73,5.93,8.14,3.11,2.3,3.72,8.67,7.87,6.61,7.56,9.15,5.17
2018-09-01,MOTOR VEHICLE,13763.06,5688.47,4548.63,1928.7,5.75,2.88,14929,3.62,2.67,4.36,5.58,6.19,5.79,5.26,4.95,5.73,5.93,8.14,3.11,2.3,3.72,8.67,7.87,6.61,7.56,9.15,5.17
2018-09-01,MARINE CARGO,2538.29,682.8,677.34,281.05,5.75,2.88,14929,3.62,2.67,4.36,5.58,6.19,5.79,5.26,4.95,5.73,5.93,8.14,3.11,2.3,3.72,8.67,7.87,6.61,7.56,9.15,5.17
2018-09-01,MARINE HULL,1108.81,718.1,355.99,303.05,5.75,2.88,14929,3.62,2.67,4.36,5.58,6.19,5.79,5.26,4.95,5.73,5.93,8.14,3.11,2.3,3.72,8.67,7.87,6.61,7.56,9.15,5.17
2018-09-01,AVIATION & SATELITE,663.89,292.69,102.87,100.03,5.75,2.88,14929,3.62,2.67,4.36,5.58,6.19,5.79,5.26,4.95,5.73,5.93,8.14,3.11,2.3,3.72,8.67,7.87,6.61,7.56,9.15,5.17
2018-09-01,ENERGY,1265.97,543.08,194.26,302.38,5.75,2.88,14929,3.62,2.67,4.36,5.58,6.19,5.79,5.26,4.95,5.73,5.93,8.14,3.11,2.3,3.72,8.67,7.87,6.61,7.56,9.15,5.17
2018-09-01,ENGINEERING,1496.76,837.49,658.16,247.97,5.75,2.88,14929,3.62,2.67,4.36,5.58,6.19,5.79,5.26,4.95,5.73,5.93,8.14,3.11,2.3,3.72,8.67,7.87,6.61,7.56,9.15,5.17
2018-09-01,LIABILITY,1938.41,190.1,373.45,74.03,5.75,2.88,14929,3.62,2.67,4.36,5.58,6.19,5.79,5.26,4.95,5.73,5.93,8.14,3.11,2.3,3.72,8.67,7.87,6.61,7.56,9.15,5.17
2018-09-01,PERSONAL ACCIDENT & HEALTH,4686.52,3111.99,1322.91,1083.18,5.75,2.88,14929,3.62,2.67,4.36,5.58,6.19,5.79,5.26,4.95,5.73,5.93,8.14,3.11,2.3,3.72,8.67,7.87,6.61,7.56,9.15,5.17
2018-09-01,CREDIT INSURANCE,4631.86,2765.69,1657.19,1030.09,5.75,2.88,14929,3.62,2.67,4.36,5.58,6.19,5.79,5.26,4.95,5.73,5.93,8.14,3.11,2.3,3.72,8.67,7.87,6.61,7.56,9.15,5.17
2018-09-01,SURETY SHIP,1065.76,411.47,392.64,225.9,5.75,2.88,14929,3.62,2.67,4.36,5.58,6.19,5.79,5.26,4.95,5.73,5.93,8.14,3.11,2.3,3.72,8.67,7.87,6.61,7.56,9.15,5.17
2018-09-01,MISCELLANEOUS,2553.73,764.27,649.39,283.29,5.75,2.88,14929,3.62,2.67,4.36,5.58,6.19,5.79,5.26,4.95,5.73,5.93,8.14,3.11,2.3,3.72,8.67,7.87,6.61,7.56,9.15,5.17
2018-12-01,PROPERTY,19032,6373,6835.79,2327.27,6,3.13,14481,3.88,2.16,4.27,5.47,5.56,6.09,4.97,4.85,7.05,5.68,7.02,4.17,7.48,3.48,8.64,6.97,5.36,7.15,8.95,5.17
2018-12-01,MOTOR VEHICLE,18675,7860,4911.94,2171.53,6,3.13,14481,3.88,2.16,4.27,5.47,5.56,6.09,4.97,4.85,7.05,5.68,7.02,4.17,7.48,3.48,8.64,6.97,5.36,7.15,8.95,5.17
2018-12-01,MARINE CARGO,3492,982,953.71,299.2,6,3.13,14481,3.88,2.16,4.27,5.47,5.56,6.09,4.97,4.85,7.05,5.68,7.02,4.17,7.48,3.48,8.64,6.97,5.36,7.15,8.95,5.17
2018-12-01,MARINE HULL,1598,953,489.19,234.9,6,3.13,14481,3.88,2.16,4.27,5.47,5.56,6.09,4.97,4.85,7.05,5.68,7.02,4.17,7.48,3.48,8.64,6.97,5.36,7.15,8.95,5.17
2018-12-01,AVIATION & SATELITE,1222,409,558.11,116.31,6,3.13,14481,3.88,2.16,4.27,5.47,5.56,6.09,4.97,4.85,7.05,5.68,7.02,4.17,7.48,3.48,8.64,6.97,5.36,7.15,8.95,5.17
2018-12-01,ENERGY,1510,937,244.03,393.92,6,3.13,14481,3.88,2.16,4.27,5.47,5.56,6.09,4.97,4.85,7.05,5.68,7.02,4.17,7.48,3.48,8.64,6.97,5.36,7.15,8.95,5.17
2018-12-01,ENGINEERING,2583,1288,1086.24,450.51,6,3.13,14481,3.88,2.16,4.27,5.47,5.56,6.09,4.97,4.85,7.05,5.68,7.02,4.17,7.48,3.48,8.64,6.97,5.36,7.15,8.95,5.17
2018-12-01,LIABILITY,2248,225,309.59,34.9,6,3.13,14481,3.88,2.16,4.27,5.47,5.56,6.09,4.97,4.85,7.05,5.68,7.02,4.17,7.48,3.48,8.64,6.97,5.36,7.15,8.95,5.17
2018-12-01,PERSONAL ACCIDENT & HEALTH,6732,4184,2045.48,1072.01,6,3.13,14481,3.88,2.16,4.27,5.47,5.56,6.09,4.97,4.85,7.05,5.68,7.02,4.17,7.48,3.48,8.64,6.97,5.36,7.15,8.95,5.17
2018-12-01,CREDIT INSURANCE,7867,5227,3235.14,2461.31,6,3.13,14481,3.88,2.16,4.27,5.47,5.56,6.09,4.97,4.85,7.05,5.68,7.02,4.17,7.48,3.48,8.64,6.97,5.36,7.15,8.95,5.17
2018-12-01,SURETY SHIP,1560,517,494.24,105.53,6,3.13,14481,3.88,2.16,4.27,5.47,5.56,6.09,4.97,4.85,7.05,5.68,7.02,4.17,7.48,3.48,8.64,6.97,5.36,7.15,8.95,5.17
2018-12-01,MISCELLANEOUS,3338,1134,784.27,369.73,6,3.13,14481,3.88,2.16,4.27,5.47,5.56,6.09,4.97,4.85,7.05,5.68,7.02,4.17,7.48,3.48,8.64,6.97,5.36,7.15,8.95,5.17
2019-03-01,PROPERTY,4668.46,1672.81,4668.46,1672.81,6,2.48,14244,1.79,2.32,3.85,4.12,8.95,5.91,5.22,3.41,5.42,5.86,9.06,7.23,6.13,5.41,10.36,6.4,5.65,8.65,9.99,5.06
2019-03-01,MOTOR VEHICLE,4744.6,2027.79,4744.6,2027.79,6,2.48,14244,1.79,2.32,3.85,4.12,8.95,5.91,5.22,3.41,5.42,5.86,9.06,7.23,6.13,5.41,10.36,6.4,5.65,8.65,9.99,5.06
2019-03-01,MARINE CARGO,1189.41,242.95,1189.41,242.95,6,2.48,14244,1.79,2.32,3.85,4.12,8.95,5.91,5.22,3.41,5.42,5.86,9.06,7.23,6.13,5.41,10.36,6.4,5.65,8.65,9.99,5.06
2019-03-01,MARINE HULL,451.73,295.8,451.73,295.8,6,2.48,14244,1.79,2.32,3.85,4.12,8.95,5.91,5.22,3.41,5.42,5.86,9.06,7.23,6.13,5.41,10.36,6.4,5.65,8.65,9.99,5.06
2019-03-01,AVIATION & SATELITE,97.7,53.61,97.7,53.61,6,2.48,14244,1.79,2.32,3.85,4.12,8.95,5.91,5.22,3.41,5.42,5.86,9.06,7.23,6.13,5.41,10.36,6.4,5.65,8.65,9.99,5.06
2019-03-01,ENERGY,77.27,386.72,77.27,386.72,6,2.48,14244,1.79,2.32,3.85,4.12,8.95,5.91,5.22,3.41,5.42,5.86,9.06,7.23,6.13,5.41,10.36,6.4,5.65,8.65,9.99,5.06
2019-03-01,ENGINEERING,543.26,374.71,543.26,374.71,6,2.48,14244,1.79,2.32,3.85,4.12,8.95,5.91,5.22,3.41,5.42,5.86,9.06,7.23,6.13,5.41,10.36,6.4,5.65,8.65,9.99,5.06
2019-03-01,LIABILITY,842.46,49.41,842.46,49.41,6,2.48,14244,1.79,2.32,3.85,4.12,8.95,5.91,5.22,3.41,5.42,5.86,9.06,7.23,6.13,5.41,10.36,6.4,5.65,8.65,9.99,5.06
2019-03-01,PERSONAL ACCIDENT & HEALTH,2405.44,1144.8,2405.44,1144.8,6,2.48,14244,1.79,2.32,3.85,4.12,8.95,5.91,5.22,3.41,5.42,5.86,9.06,7.23,6.13,5.41,10.36,6.4,5.65,8.65,9.99,5.06
2019-03-01,CREDIT INSURANCE,3196.94,1574.25,3196.94,1574.25,6,2.48,14244,1.79,2.32,3.85,4.12,8.95,5.91,5.22,3.41,5.42,5.86,9.06,7.23,6.13,5.41,10.36,6.4,5.65,8.65,9.99,5.06
2019-03-01,SURETY SHIP,446.94,213.56,446.94,213.56,6,2.48,14244,1.79,2.32,3.85,4.12,8.95,5.91,5.22,3.41,5.42,5.86,9.06,7.23,6.13,5.41,10.36,6.4,5.65,8.65,9.99,5.06
2019-03-01,MISCELLANEOUS,1105.31,329.04,1105.31,329.04,6,2.48,14244,1.79,2.32,3.85,4.12,8.95,5.91,5.22,3.41,5.42,5.86,9.06,7.23,6.13,5.41,10.36,6.4,5.65,8.65,9.99,5.06
2019-06-01,PROPERTY,10607.72,3251.69,5939.26,1578.88,6,3.28,14141,5.28,-0.71,3.52,2.2,8.34,5.69,4.62,3.34,5.84,5.53,9.6,4.5,4.23,5.73,9.94,8.86,6.33,9.13,10.74,5.05
2019-06-01,MOTOR VEHICLE,9286.35,3784.63,4541.75,1756.84,6,3.28,14141,5.28,-0.71,3.52,2.2,8.34,5.69,4.62,3.34,5.84,5.53,9.6,4.5,4.23,5.73,9.94,8.86,6.33,9.13,10.74,5.05
2019-06-01,MARINE CARGO,1870.22,437.12,680.81,194.17,6,3.28,14141,5.28,-0.71,3.52,2.2,8.34,5.69,4.62,3.34,5.84,5.53,9.6,4.5,4.23,5.73,9.94,8.86,6.33,9.13,10.74,5.05
2019-06-01,MARINE HULL,854.74,507.38,403.01,211.58,6,3.28,14141,5.28,-0.71,3.52,2.2,8.34,5.69,4.62,3.34,5.84,5.53,9.6,4.5,4.23,5.73,9.94,8.86,6.33,9.13,10.74,5.05
2019-06-01,AVIATION & SATELITE,914.4,80.19,816.7,26.58,6,3.28,14141,5.28,-0.71,3.52,2.2,8.34,5.69,4.62,3.34,5.84,5.53,9.6,4.5,4.23,5.73,9.94,8.86,6.33,9.13,10.74,5.05
2019-06-01,ENERGY,1099,885.11,1021.73,498.39,6,3.28,14141,5.28,-0.71,3.52,2.2,8.34,5.69,4.62,3.34,5.84,5.53,9.6,4.5,4.23,5.73,9.94,8.86,6.33,9.13,10.74,5.05
2019-06-01,ENGINEERING,1356.89,558.8,813.63,184.09,6,3.28,14141,5.28,-0.71,3.52,2.2,8.34,5.69,4.62,3.34,5.84,5.53,9.6,4.5,4.23,5.73,9.94,8.86,6.33,9.13,10.74,5.05
2019-06-01,LIABILITY,1357.43,101.58,514.97,52.17,6,3.28,14141,5.28,-0.71,3.52,2.2,8.34,5.69,4.62,3.34,5.84,5.53,9.6,4.5,4.23,5.73,9.94,8.86,6.33,9.13,10.74,5.05
2019-06-01,PERSONAL ACCIDENT & HEALTH,3591.95,2066.66,1186.51,921.86,6,3.28,14141,5.28,-0.71,3.52,2.2,8.34,5.69,4.62,3.34,5.84,5.53,9.6,4.5,4.23,5.73,9.94,8.86,6.33,9.13,10.74,5.05
2019-06-01,CREDIT INSURANCE,5750.08,3524.25,2553.14,1950,6,3.28,14141,5.28,-0.71,3.52,2.2,8.34,5.69,4.62,3.34,5.84,5.53,9.6,4.5,4.23,5.73,9.94,8.86,6.33,9.13,10.74,5.05
2019-06-01,SURETY SHIP,813.71,269.81,366.77,56.25,6,3.28,14141,5.28,-0.71,3.52,2.2,8.34,5.69,4.62,3.34,5.84,5.53,9.6,4.5,4.23,5.73,9.94,8.86,6.33,9.13,10.74,5.05
2019-06-01,MISCELLANEOUS,2516.12,912.61,1410.81,583.57,6,3.28,14141,5.28,-0.71,3.52,2.2,8.34,5.69,4.62,3.34,5.84,5.53,9.6,4.5,4.23,5.73,9.94,8.86,6.33,9.13,10.74,5.05
2019-09-01,PROPERTY,15082.199,5513.489,4474.479,2261.799,5.25,3.39,14174,3.07,2.34,4.14,3.75,4.85,5.65,4.4,4.06,6.65,5.39,9.24,6.16,2.41,6,10.22,1.85,7.83,9.16,10.73,5.01
2019-09-01,MOTOR VEHICLE,13917.656,5474.054,4631.306,1689.424,5.25,3.39,14174,3.07,2.34,4.14,3.75,4.85,5.65,4.4,4.06,6.65,5.39,9.24,6.16,2.41,6,10.22,1.85,7.83,9.16,10.73,5.01
2019-09-01,MARINE CARGO,2636.736,717.46,766.516,280.34,5.25,3.39,14174,3.07,2.34,4.14,3.75,4.85,5.65,4.4,4.06,6.65,5.39,9.24,6.16,2.41,6,10.22,1.85,7.83,9.16,10.73,5.01
2019-09-01,MARINE HULL,1275.38,1021.921,420.64,514.541,5.25,3.39,14174,3.07,2.34,4.14,3.75,4.85,5.65,4.4,4.06,6.65,5.39,9.24,6.16,2.41,6,10.22,1.85,7.83,9.16,10.73,5.01
2019-09-01,AVIATION & SATELITE,1130.355,663.865,215.955,583.675,5.25,3.39,14174,3.07,2.34,4.14,3.75,4.85,5.65,4.4,4.06,6.65,5.39,9.24,6.16,2.41,6,10.22,1.85,7.83,9.16,10.73,5.01
2019-09-01,ENERGY,1161.058,682.662,62.058,-202.448,5.25,3.39,14174,3.07,2.34,4.14,3.75,4.85,5.65,4.4,4.06,6.65,5.39,9.24,6.16,2.41,6,10.22,1.85,7.83,9.16,10.73,5.01
2019-09-01,ENGINEERING,1852.964,1091.927,496.074,533.127,5.25,3.39,14174,3.07,2.34,4.14,3.75,4.85,5.65,4.4,4.06,6.65,5.39,9.24,6.16,2.41,6,10.22,1.85,7.83,9.16,10.73,5.01
2019-09-01,LIABILITY,1822.084,149.183,464.654,47.603,5.25,3.39,14174,3.07,2.34,4.14,3.75,4.85,5.65,4.4,4.06,6.65,5.39,9.24,6.16,2.41,6,10.22,1.85,7.83,9.16,10.73,5.01
2019-09-01,PERSONAL ACCIDENT & HEALTH,5357.538,3061.972,1765.588,995.312,5.25,3.39,14174,3.07,2.34,4.14,3.75,4.85,5.65,4.4,4.06,6.65,5.39,9.24,6.16,2.41,6,10.22,1.85,7.83,9.16,10.73,5.01
2019-09-01,CREDIT INSURANCE,10033.547,5984.627,4283.467,2460.377,5.25,3.39,14174,3.07,2.34,4.14,3.75,4.85,5.65,4.4,4.06,6.65,5.39,9.24,6.16,2.41,6,10.22,1.85,7.83,9.16,10.73,5.01
2019-09-01,SURETY SHIP,1107.192,265.901,293.482,-3.909,5.25,3.39,14174,3.07,2.34,4.14,3.75,4.85,5.65,4.4,4.06,6.65,5.39,9.24,6.16,2.41,6,10.22,1.85,7.83,9.16,10.73,5.01
2019-09-01,MISCELLANEOUS,2528.08,567.944,11.96,-344.666,5.25,3.39,14174,3.07,2.34,4.14,3.75,4.85,5.65,4.4,4.06,6.65,5.39,9.24,6.16,2.41,6,10.22,1.85,7.83,9.16,10.73,5.01
2019-12-01,PROPERTY,20880,6072,5797.801,558.511,5,2.72,13901,3.61,1.22,3.8,4.04,6.83,5.76,4.6,3.72,6.38,5.79,9.42,6.61,5.67,5.76,10.25,4.66,6.3,8.66,10.57,5.02
2019-12-01,MOTOR VEHICLE,18732,8090,4814.344,2615.946,5,2.72,13901,3.61,1.22,3.8,4.04,6.83,5.76,4.6,3.72,6.38,5.79,9.42,6.61,5.67,5.76,10.25,4.66,6.3,8.66,10.57,5.02
2019-12-01,MARINE CARGO,3483,1085,846.264,367.54,5,2.72,13901,3.61,1.22,3.8,4.04,6.83,5.76,4.6,3.72,6.38,5.79,9.42,6.61,5.67,5.76,10.25,4.66,6.3,8.66,10.57,5.02
2019-12-01,MARINE HULL,1649,1400,373.62,378.079,5,2.72,13901,3.61,1.22,3.8,4.04,6.83,5.76,4.6,3.72,6.38,5.79,9.42,6.61,5.67,5.76,10.25,4.66,6.3,8.66,10.57,5.02
2019-12-01,AVIATION & SATELITE,1530,266,399.645,-397.865,5,2.72,13901,3.61,1.22,3.8,4.04,6.83,5.76,4.6,3.72,6.38,5.79,9.42,6.61,5.67,5.76,10.25,4.66,6.3,8.66,10.57,5.02
2019-12-01,ENERGY,1479,1363,317.942,680.338,5,2.72,13901,3.61,1.22,3.8,4.04,6.83,5.76,4.6,3.72,6.38,5.79,9.42,6.61,5.67,5.76,10.25,4.66,6.3,8.66,10.57,5.02
2019-12-01,ENGINEERING,2853,1274,1000.036,182.073,5,2.72,13901,3.61,1.22,3.8,4.04,6.83,5.76,4.6,3.72,6.38,5.79,9.42,6.61,5.67,5.76,10.25,4.66,6.3,8.66,10.57,5.02
2019-12-01,LIABILITY,2137,183,314.916,33.817,5,2.72,13901,3.61,1.22,3.8,4.04,6.83,5.76,4.6,3.72,6.38,5.79,9.42,6.61,5.67,5.76,10.25,4.66,6.3,8.66,10.57,5.02
2019-12-01,PERSONAL ACCIDENT & HEALTH,6171,4361,813.462,1299.028,5,2.72,13901,3.61,1.22,3.8,4.04,6.83,5.76,4.6,3.72,6.38,5.79,9.42,6.61,5.67,5.76,10.25,4.66,6.3,8.66,10.57,5.02
2019-12-01,CREDIT INSURANCE,14649,9874,4615.453,3889.373,5,2.72,13901,3.61,1.22,3.8,4.04,6.83,5.76,4.6,3.72,6.38,5.79,9.42,6.61,5.67,5.76,10.25,4.66,6.3,8.66,10.57,5.02
2019-12-01,SURETY SHIP,1571,793,463.808,527.099,5,2.72,13901,3.61,1.22,3.8,4.04,6.83,5.76,4.6,3.72,6.38,5.79,9.42,6.61,5.67,5.76,10.25,4.66,6.3,8.66,10.57,5.02
2019-12-01,MISCELLANEOUS,4583,1899,2054.92,1331.056,5,2.72,13901,3.61,1.22,3.8,4.04,6.83,5.76,4.6,3.72,6.38,5.79,9.42,6.61,5.67,5.76,10.25,4.66,6.3,8.66,10.57,5.02
2020-03-01,PROPERTY,4425.03,1739.64,4425.03,1739.64,4.5,2.96,16367,0.03,0.45,2.06,3.85,4.38,2.9,1.5,1.07,1.27,1.92,9.82,10.63,5.04,3.81,5.39,3.16,5.86,10.33,7.09,2.97
2020-03-01,MOTOR VEHICLE,4975.67,2096.74,4975.67,2096.74,4.5,2.96,16367,0.03,0.45,2.06,3.85,4.38,2.9,1.5,1.07,1.27,1.92,9.82,10.63,5.04,3.81,5.39,3.16,5.86,10.33,7.09,2.97
2020-03-01,MARINE CARGO,1148.74,286.48,1148.74,286.48,4.5,2.96,16367,0.03,0.45,2.06,3.85,4.38,2.9,1.5,1.07,1.27,1.92,9.82,10.63,5.04,3.81,5.39,3.16,5.86,10.33,7.09,2.97
2020-03-01,MARINE HULL,586.99,318.93,586.99,318.93,4.5,2.96,16367,0.03,0.45,2.06,3.85,4.38,2.9,1.5,1.07,1.27,1.92,9.82,10.63,5.04,3.81,5.39,3.16,5.86,10.33,7.09,2.97
2020-03-01,AVIATION & SATELITE,209.27,209.48,209.27,209.48,4.5,2.96,16367,0.03,0.45,2.06,3.85,4.38,2.9,1.5,1.07,1.27,1.92,9.82,10.63,5.04,3.81,5.39,3.16,5.86,10.33,7.09,2.97
2020-03-01,ENERGY,115.55,223.92,115.55,223.92,4.5,2.96,16367,0.03,0.45,2.06,3.85,4.38,2.9,1.5,1.07,1.27,1.92,9.82,10.63,5.04,3.81,5.39,3.16,5.86,10.33,7.09,2.97
2020-03-01,ENGINEERING,700.39,427.89,700.39,427.89,4.5,2.96,16367,0.03,0.45,2.06,3.85,4.38,2.9,1.5,1.07,1.27,1.92,9.82,10.63,5.04,3.81,5.39,3.16,5.86,10.33,7.09,2.97
2020-03-01,LIABILITY,880.37,71.96,880.37,71.96,4.5,2.96,16367,0.03,0.45,2.06,3.85,4.38,2.9,1.5,1.07,1.27,1.92,9.82,10.63,5.04,3.81,5.39,3.16,5.86,10.33,7.09,2.97
2020-03-01,PERSONAL ACCIDENT & HEALTH,2618.65,1467.31,2618.65,1467.31,4.5,2.96,16367,0.03,0.45,2.06,3.85,4.38,2.9,1.5,1.07,1.27,1.92,9.82,10.63,5.04,3.81,5.39,3.16,5.86,10.33,7.09,2.97
2020-03-01,CREDIT INSURANCE,2700.59,1680.43,2700.59,1680.43,4.5,2.96,16367,0.03,0.45,2.06,3.85,4.38,2.9,1.5,1.07,1.27,1.92,9.82,10.63,5.04,3.81,5.39,3.16,5.86,10.33,7.09,2.97
2020-03-01,SURETY SHIP,346.28,56.69,346.28,56.69,4.5,2.96,16367,0.03,0.45,2.06,3.85,4.38,2.9,1.5,1.07,1.27,1.92,9.82,10.63,5.04,3.81,5.39,3.16,5.86,10.33,7.09,2.97
2020-03-01,MISCELLANEOUS,1141.16,175.05,1141.16,175.05,4.5,2.96,16367,0.03,0.45,2.06,3.85,4.38,2.9,1.5,1.07,1.27,1.92,9.82,10.63,5.04,3.81,5.39,3.16,5.86,10.33,7.09,2.97
2020-06-01,PROPERTY,9447,3655,5021.97,1915.36,4.25,1.96,14302,2.2,-2.72,-6.18,-5.46,4.44,-5.39,-7.68,-29.75,-30.79,-22.01,10.85,1.06,7.29,2.31,-12.09,-3.21,1.18,3.67,-12.6,-5.32
2020-06-01,MOTOR VEHICLE,7811,3969,2835.33,1872.26,4.25,1.96,14302,2.2,-2.72,-6.18,-5.46,4.44,-5.39,-7.68,-29.75,-30.79,-22.01,10.85,1.06,7.29,2.31,-12.09,-3.21,1.18,3.67,-12.6,-5.32
2020-06-01,MARINE CARGO,1830,469,681.26,182.52,4.25,1.96,14302,2.2,-2.72,-6.18,-5.46,4.44,-5.39,-7.68,-29.75,-30.79,-22.01,10.85,1.06,7.29,2.31,-12.09,-3.21,1.18,3.67,-12.6,-5.32
2020-06-01,MARINE HULL,1065,711,478.01,392.07,4.25,1.96,14302,2.2,-2.72,-6.18,-5.46,4.44,-5.39,-7.68,-29.75,-30.79,-22.01,10.85,1.06,7.29,2.31,-12.09,-3.21,1.18,3.67,-12.6,-5.32
2020-06-01,AVIATION & SATELITE,942,174,732.73,-35.48,4.25,1.96,14302,2.2,-2.72,-6.18,-5.46,4.44,-5.39,-7.68,-29.75,-30.79,-22.01,10.85,1.06,7.29,2.31,-12.09,-3.21,1.18,3.67,-12.6,-5.32
2020-06-01,ENERGY,1407,333,1291.45,109.08,4.25,1.96,14302,2.2,-2.72,-6.18,-5.46,4.44,-5.39,-7.68,-29.75,-30.79,-22.01,10.85,1.06,7.29,2.31,-12.09,-3.21,1.18,3.67,-12.6,-5.32
2020-06-01,ENGINEERING,1337,728,636.61,300.11,4.25,1.96,14302,2.2,-2.72,-6.18,-5.46,4.44,-5.39,-7.68,-29.75,-30.79,-22.01,10.85,1.06,7.29,2.31,-12.09,-3.21,1.18,3.67,-12.6,-5.32
2020-06-01,LIABILITY,1549,152,668.63,80.04,4.25,1.96,14302,2.2,-2.72,-6.18,-5.46,4.44,-5.39,-7.68,-29.75,-30.79,-22.01,10.85,1.06,7.29,2.31,-12.09,-3.21,1.18,3.67,-12.6,-5.32
2020-06-01,PERSONAL ACCIDENT & HEALTH,4153,2304,1534.35,836.69,4.25,1.96,14302,2.2,-2.72,-6.18,-5.46,4.44,-5.39,-7.68,-29.75,-30.79,-22.01,10.85,1.06,7.29,2.31,-12.09,-3.21,1.18,3.67,-12.6,-5.32
2020-06-01,CREDIT INSURANCE,5785,4098,3084.41,2417.57,4.25,1.96,14302,2.2,-2.72,-6.18,-5.46,4.44,-5.39,-7.68,-29.75,-30.79,-22.01,10.85,1.06,7.29,2.31,-12.09,-3.21,1.18,3.67,-12.6,-5.32
2020-06-01,SURETY SHIP,679,117,332.72,60.31,4.25,1.96,14302,2.2,-2.72,-6.18,-5.46,4.44,-5.39,-7.68,-29.75,-30.79,-22.01,10.85,1.06,7.29,2.31,-12.09,-3.21,1.18,3.67,-12.6,-5.32
2020-06-01,MISCELLANEOUS,1596,339,454.84,163.95,4.25,1.96,14302,2.2,-2.72,-6.18,-5.46,4.44,-5.39,-7.68,-29.75,-30.79,-22.01,10.85,1.06,7.29,2.31,-12.09,-3.21,1.18,3.67,-12.6,-5.32
2020-09-01,PROPERTY,14268.059,5613.062,4821.059,1958.062,4,1.42,14918,2.18,-4.28,-4.34,-2.44,5.94,-4.52,-5.14,-18.05,-16.71,-11.86,10.72,-0.95,5.35,1.96,-7.61,1.82,2.39,15.26,-5.55,-3.49
2020-09-01,MOTOR VEHICLE,11002.376,5585.445,3191.376,1616.445,4,1.42,14918,2.18,-4.28,-4.34,-2.44,5.94,-4.52,-5.14,-18.05,-16.71,-11.86,10.72,-0.95,5.35,1.96,-7.61,1.82,2.39,15.26,-5.55,-3.49
2020-09-01,MARINE CARGO,2489.938,724.074,659.938,255.074,4,1.42,14918,2.18,-4.28,-4.34,-2.44,5.94,-4.52,-5.14,-18.05,-16.71,-11.86,10.72,-0.95,5.35,1.96,-7.61,1.82,2.39,15.26,-5.55,-3.49
2020-09-01,MARINE HULL,1501.963,1058.716,436.963,347.716,4,1.42,14918,2.18,-4.28,-4.34,-2.44,5.94,-4.52,-5.14,-18.05,-16.71,-11.86,10.72,-0.95,5.35,1.96,-7.61,1.82,2.39,15.26,-5.55,-3.49
2020-09-01,AVIATION & SATELITE,1207.507,785.776,265.507,611.776,4,1.42,14918,2.18,-4.28,-4.34,-2.44,5.94,-4.52,-5.14,-18.05,-16.71,-11.86,10.72,-0.95,5.35,1.96,-7.61,1.82,2.39,15.26,-5.55,-3.49
2020-09-01,ENERGY,1468.982,682.662,61.982,349.662,4,1.42,14918,2.18,-4.28,-4.34,-2.44,5.94,-4.52,-5.14,-18.05,-16.71,-11.86,10.72,-0.95,5.35,1.96,-7.61,1.82,2.39,15.26,-5.55,-3.49
2020-09-01,ENGINEERING,1845.587,1100.583,508.587,372.583,4,1.42,14918,2.18,-4.28,-4.34,-2.44,5.94,-4.52,-5.14,-18.05,-16.71,-11.86,10.72,-0.95,5.35,1.96,-7.61,1.82,2.39,15.26,-5.55,-3.49
2020-09-01,LIABILITY,1910.672,150.999,361.672,-1.001,4,1.42,14918,2.18,-4.28,-4.34,-2.44,5.94,-4.52,-5.14,-18.05,-16.71,-11.86,10.72,-0.95,5.35,1.96,-7.61,1.82,2.39,15.26,-5.55,-3.49
2020-09-01,PERSONAL ACCIDENT & HEALTH,5575.171,3313.283,1422.171,1009.283,4,1.42,14918,2.18,-4.28,-4.34,-2.44,5.94,-4.52,-5.14,-18.05,-16.71,-11.86,10.72,-0.95,5.35,1.96,-7.61,1.82,2.39,15.26,-5.55,-3.49
2020-09-01,CREDIT INSURANCE,9673.78,5988.727,3888.78,1890.727,4,1.42,14918,2.18,-4.28,-4.34,-2.44,5.94,-4.52,-5.14,-18.05,-16.71,-11.86,10.72,-0.95,5.35,1.96,-7.61,1.82,2.39,15.26,-5.55,-3.49
2020-09-01,SURETY SHIP,925.99,268.55,246.99,151.55,4,1.42,14918,2.18,-4.28,-4.34,-2.44,5.94,-4.52,-5.14,-18.05,-16.71,-11.86,10.72,-0.95,5.35,1.96,-7.61,1.82,2.39,15.26,-5.55,-3.49
2020-09-01,MISCELLANEOUS,2008.532,570.578,412.532,231.578,4,1.42,14918,2.18,-4.28,-4.34,-2.44,5.94,-4.52,-5.14,-18.05,-16.71,-11.86,10.72,-0.95,5.35,1.96,-7.61,1.82,2.39,15.26,-5.55,-3.49
2020-12-01,PROPERTY,21038,6913,6769.941,1299.938,3.75,1.68,14105,1.77,-1.95,-2.93,-2.34,4.94,-3.26,-3.79,-14.11,-15.05,-10.26,10.61,3.25,4.03,2.32,-5.44,-0.03,2.61,11.56,-4.1,-2.07
2020-12-01,MOTOR VEHICLE,14735,7010,3732.624,1424.555,3.75,1.68,14105,1.77,-1.95,-2.93,-2.34,4.94,-3.26,-3.79,-14.11,-15.05,-10.26,10.61,3.25,4.03,2.32,-5.44,-0.03,2.61,11.56,-4.1,-2.07
2020-12-01,MARINE CARGO,3263,938,773.062,213.926,3.75,1.68,14105,1.77,-1.95,-2.93,-2.34,4.94,-3.26,-3.79,-14.11,-15.05,-10.26,10.61,3.25,4.03,2.32,-5.44,-0.03,2.61,11.56,-4.1,-2.07
2020-12-01,MARINE HULL,1901,1267,399.037,208.284,3.75,1.68,14105,1.77,-1.95,-2.93,-2.34,4.94,-3.26,-3.79,-14.11,-15.05,-10.26,10.61,3.25,4.03,2.32,-5.44,-0.03,2.61,11.56,-4.1,-2.07
2020-12-01,AVIATION & SATELITE,1639,827,431.493,41.224,3.75,1.68,14105,1.77,-1.95,-2.93,-2.34,4.94,-3.26,-3.79,-14.11,-15.05,-10.26,10.61,3.25,4.03,2.32,-5.44,-0.03,2.61,11.56,-4.1,-2.07
2020-12-01,ENERGY,1647,807,178.018,124.338,3.75,1.68,14105,1.77,-1.95,-2.93,-2.34,4.94,-3.26,-3.79,-14.11,-15.05,-10.26,10.61,3.25,4.03,2.32,-5.44,-0.03,2.61,11.56,-4.1,-2.07
2020-12-01,ENGINEERING,2441,1489,595.413,388.417,3.75,1.68,14105,1.77,-1.95,-2.93,-2.34,4.94,-3.26,-3.79,-14.11,-15.05,-10.26,10.61,3.25,4.03,2.32,-5.44,-0.03,2.61,11.56,-4.1,-2.07
2020-12-01,LIABILITY,2331,491,420.328,340.001,3.75,1.68,14105,1.77,-1.95,-2.93,-2.34,4.94,-3.26,-3.79,-14.11,-15.05,-10.26,10.61,3.25,4.03,2.32,-5.44,-0.03,2.61,11.56,-4.1,-2.07
2020-12-01,PERSONAL ACCIDENT & HEALTH,7982,4532,2406.829,1218.717,3.75,1.68,14105,1.77,-1.95,-2.93,-2.34,4.94,-3.26,-3.79,-14.11,-15.05,-10.26,10.61,3.25,4.03,2.32,-5.44,-0.03,2.61,11.56,-4.1,-2.07
2020-12-01,CREDIT INSURANCE,16436,10723,6762.22,4734.273,3.75,1.68,14105,1.77,-1.95,-2.93,-2.34,4.94,-3.26,-3.79,-14.11,-15.05,-10.26,10.61,3.25,4.03,2.32,-5.44,-0.03,2.61,11.56,-4.1,-2.07
2020-12-01,SURETY SHIP,1330,617,404.01,348.45,3.75,1.68,14105,1.77,-1.95,-2.93,-2.34,4.94,-3.26,-3.79,-14.11,-15.05,-10.26,10.61,3.25,4.03,2.32,-5.44,-0.03,2.61,11.56,-4.1,-2.07
2020-12-01,MISCELLANEOUS,2241,498,232.468,-72.578,3.75,1.68,14105,1.77,-1.95,-2.93,-2.34,4.94,-3.26,-3.79,-14.11,-15.05,-10.26,10.61,3.25,4.03,2.32,-5.44,-0.03,2.61,11.56,-4.1,-2.07
2021-03-01,PROPERTY,5989.48,1366.64,5989.48,1366.64,3.5,1.37,14572,3.48,-2.02,-1.38,1.68,5.46,-0.79,-1.28,-5.47,-13.09,-7.28,8.72,-2.97,2.23,0.94,-6.1,-2.24,-1.54,3.38,-5.15,-0.69
2021-03-01,MOTOR VEHICLE,3970.15,1450.84,3970.15,1450.84,3.5,1.37,14572,3.48,-2.02,-1.38,1.68,5.46,-0.79,-1.28,-5.47,-13.09,-7.28,8.72,-2.97,2.23,0.94,-6.1,-2.24,-1.54,3.38,-5.15,-0.69
2021-03-01,MARINE CARGO,1049.65,298.09,1049.65,298.09,3.5,1.37,14572,3.48,-2.02,-1.38,1.68,5.46,-0.79,-1.28,-5.47,-13.09,-7.28,8.72,-2.97,2.23,0.94,-6.1,-2.24,-1.54,3.38,-5.15,-0.69
2021-03-01,MARINE HULL,672.24,221.7,672.24,221.7,3.5,1.37,14572,3.48,-2.02,-1.38,1.68,5.46,-0.79,-1.28,-5.47,-13.09,-7.28,8.72,-2.97,2.23,0.94,-6.1,-2.24,-1.54,3.38,-5.15,-0.69
2021-03-01,AVIATION & SATELITE,122.46,211.07,122.46,211.07,3.5,1.37,14572,3.48,-2.02,-1.38,1.68,5.46,-0.79,-1.28,-5.47,-13.09,-7.28,8.72,-2.97,2.23,0.94,-6.1,-2.24,-1.54,3.38,-5.15,-0.69
2021-03-01,ENERGY,117.9,310.22,117.9,310.22,3.5,1.37,14572,3.48,-2.02,-1.38,1.68,5.46,-0.79,-1.28,-5.47,-13.09,-7.28,8.72,-2.97,2.23,0.94,-6.1,-2.24,-1.54,3.38,-5.15,-0.69
2021-03-01,ENGINEERING,680.75,283.22,680.75,283.22,3.5,1.37,14572,3.48,-2.02,-1.38,1.68,5.46,-0.79,-1.28,-5.47,-13.09,-7.28,8.72,-2.97,2.23,0.94,-6.1,-2.24,-1.54,3.38,-5.15,-0.69
2021-03-01,LIABILITY,977.2,39.69,977.2,39.69,3.5,1.37,14572,3.48,-2.02,-1.38,1.68,5.46,-0.79,-1.28,-5.47,-13.09,-7.28,8.72,-2.97,2.23,0.94,-6.1,-2.24,-1.54,3.38,-5.15,-0.69
2021-03-01,PERSONAL ACCIDENT & HEALTH,2773.46,1052.8,2773.46,1052.8,3.5,1.37,14572,3.48,-2.02,-1.38,1.68,5.46,-0.79,-1.28,-5.47,-13.09,-7.28,8.72,-2.97,2.23,0.94,-6.1,-2.24,-1.54,3.38,-5.15,-0.69
2021-03-01,CREDIT INSURANCE,2862.3,1298.88,2862.3,1298.88,3.5,1.37,14572,3.48,-2.02,-1.38,1.68,5.46,-0.79,-1.28,-5.47,-13.09,-7.28,8.72,-2.97,2.23,0.94,-6.1,-2.24,-1.54,3.38,-5.15,-0.69
2021-03-01,SURETY SHIP,512.64,78.15,512.64,78.15,3.5,1.37,14572,3.48,-2.02,-1.38,1.68,5.46,-0.79,-1.28,-5.47,-13.09,-7.28,8.72,-2.97,2.23,0.94,-6.1,-2.24,-1.54,3.38,-5.15,-0.69
2021-03-01,MISCELLANEOUS,1054.1,122.35,1054.1,122.35,3.5,1.37,14572,3.48,-2.02,-1.38,1.68,5.46,-0.79,-1.28,-5.47,-13.09,-7.28,8.72,-2.97,2.23,0.94,-6.1,-2.24,-1.54,3.38,-5.15,-0.69
2021-06-01,PROPERTY,10967,2812,4977.52,1445.36,3.5,1.33,14542,0.56,5.22,6.58,9.09,5.78,4.42,9.5,37.89,25.1,21.54,6.9,8.33,-0.09,2.82,9.94,9.94,5.89,11.68,11.97,7.08
2021-06-01,MOTOR VEHICLE,7404,2877,3433.85,1426.16,3.5,1.33,14542,0.56,5.22,6.58,9.09,5.78,4.42,9.5,37.89,25.1,21.54,6.9,8.33,-0.09,2.82,9.94,9.94,5.89,11.68,11.97,7.08
2021-06-01,MARINE CARGO,1818,489,768.35,190.91,3.5,1.33,14542,0.56,5.22,6.58,9.09,5.78,4.42,9.5,37.89,25.1,21.54,6.9,8.33,-0.09,2.82,9.94,9.94,5.89,11.68,11.97,7.08
2021-06-01,MARINE HULL,1141,404,468.76,182.3,3.5,1.33,14542,0.56,5.22,6.58,9.09,5.78,4.42,9.5,37.89,25.1,21.54,6.9,8.33,-0.09,2.82,9.94,9.94,5.89,11.68,11.97,7.08
2021-06-01,AVIATION & SATELITE,389,366,266.54,154.93,3.5,1.33,14542,0.56,5.22,6.58,9.09,5.78,4.42,9.5,37.89,25.1,21.54,6.9,8.33,-0.09,2.82,9.94,9.94,5.89,11.68,11.97,7.08
2021-06-01,ENERGY,982,411,864.1,100.78,3.5,1.33,14542,0.56,5.22,6.58,9.09,5.78,4.42,9.5,37.89,25.1,21.54,6.9,8.33,-0.09,2.82,9.94,9.94,5.89,11.68,11.97,7.08
2021-06-01,ENGINEERING,1469,621,788.25,337.78,3.5,1.33,14542,0.56,5.22,6.58,9.09,5.78,4.42,9.5,37.89,25.1,21.54,6.9,8.33,-0.09,2.82,9.94,9.94,5.89,11.68,11.97,7.08
2021-06-01,LIABILITY,1601,84,623.8,44.31,3.5,1.33,14542,0.56,5.22,6.58,9.09,5.78,4.42,9.5,37.89,25.1,21.54,6.9,8.33,-0.09,2.82,9.94,9.94,5.89,11.68,11.97,7.08
2021-06-01,PERSONAL ACCIDENT & HEALTH,4218,2099,1444.54,1046.2,3.5,1.33,14542,0.56,5.22,6.58,9.09,5.78,4.42,9.5,37.89,25.1,21.54,6.9,8.33,-0.09,2.82,9.94,9.94,5.89,11.68,11.97,7.08
2021-06-01,CREDIT INSURANCE,5872,2477,3009.7,1178.12,3.5,1.33,14542,0.56,5.22,6.58,9.09,5.78,4.42,9.5,37.89,25.1,21.54,6.9,8.33,-0.09,2.82,9.94,9.94,5.89,11.68,11.97,7.08
2021-06-01,SURETY SHIP,856,221,343.36,142.85,3.5,1.33,14542,0.56,5.22,6.58,9.09,5.78,4.42,9.5,37.89,25.1,21.54,6.9,8.33,-0.09,2.82,9.94,9.94,5.89,11.68,11.97,7.08
2021-06-01,MISCELLANEOUS,1659,245,604.9,122.65,3.5,1.33,14542,0.56,5.22,6.58,9.09,5.78,4.42,9.5,37.89,25.1,21.54,6.9,8.33,-0.09,2.82,9.94,9.94,5.89,11.68,11.97,7.08
2021-09-01,PROPERTY,15742,4660,4775,1848,3.5,1.6,14321,1.44,7.78,3.68,3.85,4.56,3.84,5.12,14.93,-0.72,-0.14,5.54,4.29,1.15,3.42,-0.59,-9.95,-4.43,14.04,-0.3,3.53
2021-09-01,MOTOR VEHICLE,11171,4376,3767,1499,3.5,1.6,14321,1.44,7.78,3.68,3.85,4.56,3.84,5.12,14.93,-0.72,-0.14,5.54,4.29,1.15,3.42,-0.59,-9.95,-4.43,14.04,-0.3,3.53
2021-09-01,MARINE CARGO,2714,1131,896,642,3.5,1.6,14321,1.44,7.78,3.68,3.85,4.56,3.84,5.12,14.93,-0.72,-0.14,5.54,4.29,1.15,3.42,-0.59,-9.95,-4.43,14.04,-0.3,3.53
2021-09-01,MARINE HULL,1645,670,504,266,3.5,1.6,14321,1.44,7.78,3.68,3.85,4.56,3.84,5.12,14.93,-0.72,-0.14,5.54,4.29,1.15,3.42,-0.59,-9.95,-4.43,14.04,-0.3,3.53
2021-09-01,AVIATION & SATELITE,840,613,451,247,3.5,1.6,14321,1.44,7.78,3.68,3.85,4.56,3.84,5.12,14.93,-0.72,-0.14,5.54,4.29,1.15,3.42,-0.59,-9.95,-4.43,14.04,-0.3,3.53
2021-09-01,ENERGY,1112,767,130,356,3.5,1.6,14321,1.44,7.78,3.68,3.85,4.56,3.84,5.12,14.93,-0.72,-0.14,5.54,4.29,1.15,3.42,-0.59,-9.95,-4.43,14.04,-0.3,3.53
2021-09-01,ENGINEERING,2227,990,758,369,3.5,1.6,14321,1.44,7.78,3.68,3.85,4.56,3.84,5.12,14.93,-0.72,-0.14,5.54,4.29,1.15,3.42,-0.59,-9.95,-4.43,14.04,-0.3,3.53
2021-09-01,LIABILITY,2229,904,628,820,3.5,1.6,14321,1.44,7.78,3.68,3.85,4.56,3.84,5.12,14.93,-0.72,-0.14,5.54,4.29,1.15,3.42,-0.59,-9.95,-4.43,14.04,-0.3,3.53
2021-09-01,PERSONAL ACCIDENT & HEALTH,5440,3297,1222,1198,3.5,1.6,14321,1.44,7.78,3.68,3.85,4.56,3.84,5.12,14.93,-0.72,-0.14,5.54,4.29,1.15,3.42,-0.59,-9.95,-4.43,14.04,-0.3,3.53
2021-09-01,CREDIT INSURANCE,8493,3790,2621,1313,3.5,1.6,14321,1.44,7.78,3.68,3.85,4.56,3.84,5.12,14.93,-0.72,-0.14,5.54,4.29,1.15,3.42,-0.59,-9.95,-4.43,14.04,-0.3,3.53
2021-09-01,SURETY SHIP,1185,354,329,133,3.5,1.6,14321,1.44,7.78,3.68,3.85,4.56,3.84,5.12,14.93,-0.72,-0.14,5.54,4.29,1.15,3.42,-0.59,-9.95,-4.43,14.04,-0.3,3.53
2021-09-01,MISCELLANEOUS,2279,623,620,378,3.5,1.6,14321,1.44,7.78,3.68,3.85,4.56,3.84,5.12,14.93,-0.72,-0.14,5.54,4.29,1.15,3.42,-0.59,-9.95,-4.43,14.04,-0.3,3.53
2021-12-01,PROPERTY,22363,6422,6621,1762,3.5,1.87,14278,1.87,4,3.39,5.55,4.97,2.81,4.63,12.13,3.24,3.88,6.82,1.56,0.71,2.78,0.73,-0.33,0.11,10.45,2.12,3.7
2021-12-01,MOTOR VEHICLE,15685,5895,4514,1519,3.5,1.87,14278,1.87,4,3.39,5.55,4.97,2.81,4.63,12.13,3.24,3.88,6.82,1.56,0.71,2.78,0.73,-0.33,0.11,10.45,2.12,3.7
2021-12-01,MARINE CARGO,4112,1154,1398,23,3.5,1.87,14278,1.87,4,3.39,5.55,4.97,2.81,4.63,12.13,3.24,3.88,6.82,1.56,0.71,2.78,0.73,-0.33,0.11,10.45,2.12,3.7
2021-12-01,MARINE HULL,2037,833,392,163,3.5,1.87,14278,1.87,4,3.39,5.55,4.97,2.81,4.63,12.13,3.24,3.88,6.82,1.56,0.71,2.78,0.73,-0.33,0.11,10.45,2.12,3.7
2021-12-01,AVIATION & SATELITE,1039,378,199,-235,3.5,1.87,14278,1.87,4,3.39,5.55,4.97,2.81,4.63,12.13,3.24,3.88,6.82,1.56,0.71,2.78,0.73,-0.33,0.11,10.45,2.12,3.7
2021-12-01,ENERGY,1241,630,129,-137,3.5,1.87,14278,1.87,4,3.39,5.55,4.97,2.81,4.63,12.13,3.24,3.88,6.82,1.56,0.71,2.78,0.73,-0.33,0.11,10.45,2.12,3.7
2021-12-01,ENGINEERING,3077,1233,850,243,3.5,1.87,14278,1.87,4,3.39,5.55,4.97,2.81,4.63,12.13,3.24,3.88,6.82,1.56,0.71,2.78,0.73,-0.33,0.11,10.45,2.12,3.7
2021-12-01,LIABILITY,3037,397,808,-507,3.5,1.87,14278,1.87,4,3.39,5.55,4.97,2.81,4.63,12.13,3.24,3.88,6.82,1.56,0.71,2.78,0.73,-0.33,0.11,10.45,2.12,3.7
2021-12-01,PERSONAL ACCIDENT & HEALTH,7323,4758,1883,1461,3.5,1.87,14278,1.87,4,3.39,5.55,4.97,2.81,4.63,12.13,3.24,3.88,6.82,1.56,0.71,2.78,0.73,-0.33,0.11,10.45,2.12,3.7
2021-12-01,CREDIT INSURANCE,13685,7631,5192,3841,3.5,1.87,14278,1.87,4,3.39,5.55,4.97,2.81,4.63,12.13,3.24,3.88,6.82,1.56,0.71,2.78,0.73,-0.33,0.11,10.45,2.12,3.7
2021-12-01,SURETY SHIP,1571,650,386,296,3.5,1.87,14278,1.87,4,3.39,5.55,4.97,2.81,4.63,12.13,3.24,3.88,6.82,1.56,0.71,2.78,0.73,-0.33,0.11,10.45,2.12,3.7
2021-12-01,MISCELLANEOUS,2975,702,696,79,3.5,1.87,14278,1.87,4,3.39,5.55,4.97,2.81,4.63,12.13,3.24,3.88,6.82,1.56,0.71,2.78,0.73,-0.33,0.11,10.45,2.12,3.7
2022-03-01,PROPERTY,5723,2346,5723,2346,3.5,2.64,14357,1.16,3.82,5.07,7.04,1.35,4.83,5.74,7.44,15.79,6.57,7.15,1.64,-0.52,3.78,5.96,-1.29,-1.41,4.52,8.25,5.02
2022-03-01,MOTOR VEHICLE,4740,1535,4740,1535,3.5,2.64,14357,1.16,3.82,5.07,7.04,1.35,4.83,5.74,7.44,15.79,6.57,7.15,1.64,-0.52,3.78,5.96,-1.29,-1.41,4.52,8.25,5.02
2022-03-01,MARINE CARGO,1232,217,1232,217,3.5,2.64,14357,1.16,3.82,5.07,7.04,1.35,4.83,5.74,7.44,15.79,6.57,7.15,1.64,-0.52,3.78,5.96,-1.29,-1.41,4.52,8.25,5.02
2022-03-01,MARINE HULL,659,239,659,239,3.5,2.64,14357,1.16,3.82,5.07,7.04,1.35,4.83,5.74,7.44,15.79,6.57,7.15,1.64,-0.52,3.78,5.96,-1.29,-1.41,4.52,8.25,5.02
2022-03-01,AVIATION & SATELITE,152,149,152,149,3.5,2.64,14357,1.16,3.82,5.07,7.04,1.35,4.83,5.74,7.44,15.79,6.57,7.15,1.64,-0.52,3.78,5.96,-1.29,-1.41,4.52,8.25,5.02
2022-03-01,ENERGY,119,631,119,631,3.5,2.64,14357,1.16,3.82,5.07,7.04,1.35,4.83,5.74,7.44,15.79,6.57,7.15,1.64,-0.52,3.78,5.96,-1.29,-1.41,4.52,8.25,5.02
2022-03-01,ENGINEERING,826,389,826,389,3.5,2.64,14357,1.16,3.82,5.07,7.04,1.35,4.83,5.74,7.44,15.79,6.57,7.15,1.64,-0.52,3.78,5.96,-1.29,-1.41,4.52,8.25,5.02
2022-03-01,LIABILITY,1050,46,1050,46,3.5,2.64,14357,1.16,3.82,5.07,7.04,1.35,4.83,5.74,7.44,15.79,6.57,7.15,1.64,-0.52,3.78,5.96,-1.29,-1.41,4.52,8.25,5.02
2022-03-01,PERSONAL ACCIDENT & HEALTH,2984,1374,2984,1374,3.5,2.64,14357,1.16,3.82,5.07,7.04,1.35,4.83,5.74,7.44,15.79,6.57,7.15,1.64,-0.52,3.78,5.96,-1.29,-1.41,4.52,8.25,5.02
2022-03-01,CREDIT INSURANCE,3263,1917,3263,1917,3.5,2.64,14357,1.16,3.82,5.07,7.04,1.35,4.83,5.74,7.44,15.79,6.57,7.15,1.64,-0.52,3.78,5.96,-1.29,-1.41,4.52,8.25,5.02
2022-03-01,SURETY SHIP,317,111,317,111,3.5,2.64,14357,1.16,3.82,5.07,7.04,1.35,4.83,5.74,7.44,15.79,6.57,7.15,1.64,-0.52,3.78,5.96,-1.29,-1.41,4.52,8.25,5.02
2022-03-01,MISCELLANEOUS,1354,144,1354,144,3.5,2.64,14357,1.16,3.82,5.07,7.04,1.35,4.83,5.74,7.44,15.79,6.57,7.15,1.64,-0.52,3.78,5.96,-1.29,-1.41,4.52,8.25,5.02
2022-06-01,PROPERTY,14959,3994,9236,1648,3.5,4.35,14882,1.68,4.01,4.01,9.33,4.46,1.02,4.43,3.31,21.27,9.79,8.06,1.5,-1.7,2.16,7.92,-1.53,-1.07,6.51,9.26,5.46
2022-06-01,MOTOR VEHICLE,8759,2935,4019,1400,3.5,4.35,14882,1.68,4.01,4.01,9.33,4.46,1.02,4.43,3.31,21.27,9.79,8.06,1.5,-1.7,2.16,7.92,-1.53,-1.07,6.51,9.26,5.46
2022-06-01,MARINE CARGO,2133,505,901,288,3.5,4.35,14882,1.68,4.01,4.01,9.33,4.46,1.02,4.43,3.31,21.27,9.79,8.06,1.5,-1.7,2.16,7.92,-1.53,-1.07,6.51,9.26,5.46
2022-06-01,MARINE HULL,1128,480,469,241,3.5,4.35,14882,1.68,4.01,4.01,9.33,4.46,1.02,4.43,3.31,21.27,9.79,8.06,1.5,-1.7,2.16,7.92,-1.53,-1.07,6.51,9.26,5.46
2022-06-01,AVIATION & SATELITE,875,191,723,42,3.5,4.35,14882,1.68,4.01,4.01,9.33,4.46,1.02,4.43,3.31,21.27,9.79,8.06,1.5,-1.7,2.16,7.92,-1.53,-1.07,6.51,9.26,5.46
2022-06-01,ENERGY,1075,795,956,164,3.5,4.35,14882,1.68,4.01,4.01,9.33,4.46,1.02,4.43,3.31,21.27,9.79,8.06,1.5,-1.7,2.16,7.92,-1.53,-1.07,6.51,9.26,5.46
2022-06-01,ENGINEERING,1665,683,839,294,3.5,4.35,14882,1.68,4.01,4.01,9.33,4.46,1.02,4.43,3.31,21.27,9.79,8.06,1.5,-1.7,2.16,7.92,-1.53,-1.07,6.51,9.26,5.46
2022-06-01,LIABILITY,1829,89,779,43,3.5,4.35,14882,1.68,4.01,4.01,9.33,4.46,1.02,4.43,3.31,21.27,9.79,8.06,1.5,-1.7,2.16,7.92,-1.53,-1.07,6.51,9.26,5.46
2022-06-01,PERSONAL ACCIDENT & HEALTH,4510,2779,1526,1405,3.5,4.35,14882,1.68,4.01,4.01,9.33,4.46,1.02,4.43,3.31,21.27,9.79,8.06,1.5,-1.7,2.16,7.92,-1.53,-1.07,6.51,9.26,5.46
2022-06-01,CREDIT INSURANCE,6396,4671,3133,2754,3.5,4.35,14882,1.68,4.01,4.01,9.33,4.46,1.02,4.43,3.31,21.27,9.79,8.06,1.5,-1.7,2.16,7.92,-1.53,-1.07,6.51,9.26,5.46
2022-06-01,SURETY SHIP,626,221,309,110,3.5,4.35,14882,1.68,4.01,4.01,9.33,4.46,1.02,4.43,3.31,21.27,9.79,8.06,1.5,-1.7,2.16,7.92,-1.53,-1.07,6.51,9.26,5.46
2022-06-01,MISCELLANEOUS,2083,446,729,302,3.5,4.35,14882,1.68,4.01,4.01,9.33,4.46,1.02,4.43,3.31,21.27,9.79,8.06,1.5,-1.7,2.16,7.92,-1.53,-1.07,6.51,9.26,5.46
2022-09-01,PROPERTY,20575,5387,5616,1393,4.25,5.95,15232,1.95,3.22,4.83,8.05,4.26,0.63,5.37,6.01,25.8,17.79,6.94,0.87,-0.03,0.63,10.79,12.47,4.45,-1.7,9.13,5.73
2022-09-01,MOTOR VEHICLE,13042,4618,4283,1683,4.25,5.95,15232,1.95,3.22,4.83,8.05,4.26,0.63,5.37,6.01,25.8,17.79,6.94,0.87,-0.03,0.63,10.79,12.47,4.45,-1.7,9.13,5.73
2022-09-01,MARINE CARGO,3503,794,1370,289,4.25,5.95,15232,1.95,3.22,4.83,8.05,4.26,0.63,5.37,6.01,25.8,17.79,6.94,0.87,-0.03,0.63,10.79,12.47,4.45,-1.7,9.13,5.73
2022-09-01,MARINE HULL,1658,748,530,268,4.25,5.95,15232,1.95,3.22,4.83,8.05,4.26,0.63,5.37,6.01,25.8,17.79,6.94,0.87,-0.03,0.63,10.79,12.47,4.45,-1.7,9.13,5.73
2022-09-01,AVIATION & SATELITE,1110,263,235,72,4.25,5.95,15232,1.95,3.22,4.83,8.05,4.26,0.63,5.37,6.01,25.8,17.79,6.94,0.87,-0.03,0.63,10.79,12.47,4.45,-1.7,9.13,5.73
2022-09-01,ENERGY,1211,931,136,136,4.25,5.95,15232,1.95,3.22,4.83,8.05,4.26,0.63,5.37,6.01,25.8,17.79,6.94,0.87,-0.03,0.63,10.79,12.47,4.45,-1.7,9.13,5.73
2022-09-01,ENGINEERING,2370,1000,705,317,4.25,5.95,15232,1.95,3.22,4.83,8.05,4.26,0.63,5.37,6.01,25.8,17.79,6.94,0.87,-0.03,0.63,10.79,12.47,4.45,-1.7,9.13,5.73
2022-09-01,LIABILITY,2441,132,612,43,4.25,5.95,15232,1.95,3.22,4.83,8.05,4.26,0.63,5.37,6.01,25.8,17.79,6.94,0.87,-0.03,0.63,10.79,12.47,4.45,-1.7,9.13,5.73
2022-09-01,PERSONAL ACCIDENT & HEALTH,6314,4345,1804,1566,4.25,5.95,15232,1.95,3.22,4.83,8.05,4.26,0.63,5.37,6.01,25.8,17.79,6.94,0.87,-0.03,0.63,10.79,12.47,4.45,-1.7,9.13,5.73
2022-09-01,CREDIT INSURANCE,10773,8103,4377,3432,4.25,5.95,15232,1.95,3.22,4.83,8.05,4.26,0.63,5.37,6.01,25.8,17.79,6.94,0.87,-0.03,0.63,10.79,12.47,4.45,-1.7,9.13,5.73
2022-09-01,SURETY SHIP,973,332,347,111,4.25,5.95,15232,1.95,3.22,4.83,8.05,4.26,0.63,5.37,6.01,25.8,17.79,6.94,0.87,-0.03,0.63,10.79,12.47,4.45,-1.7,9.13,5.73
2022-09-01,MISCELLANEOUS,2886,761,803,315,4.25,5.95,15232,1.95,3.22,4.83,8.05,4.26,0.63,5.37,6.01,25.8,17.79,6.94,0.87,-0.03,0.63,10.79,12.47,4.45,-1.7,9.13,5.73
2022-12-01,PROPERTY,26233.4,9151.5,5658.4,3764.5,5.5,5.51,15592,2.25,4.38,4.89,6.61,3.23,2.01,5.53,5.92,19.87,11.94,7.73,1.93,-0.99,1.72,8.77,2.51,0.57,2.75,9.47,5.31
2022-12-01,MOTOR VEHICLE,18148.9,6498.9,5106.9,1880.9,5.5,5.51,15592,2.25,4.38,4.89,6.61,3.23,2.01,5.53,5.92,19.87,11.94,7.73,1.93,-0.99,1.72,8.77,2.51,0.57,2.75,9.47,5.31
2022-12-01,MARINE CARGO,4777.4,1159.1,1274.4,365.1,5.5,5.51,15592,2.25,4.38,4.89,6.61,3.23,2.01,5.53,5.92,19.87,11.94,7.73,1.93,-0.99,1.72,8.77,2.51,0.57,2.75,9.47,5.31
2022-12-01,MARINE HULL,2159.4,967.7,501.4,219.7,5.5,5.51,15592,2.25,4.38,4.89,6.61,3.23,2.01,5.53,5.92,19.87,11.94,7.73,1.93,-0.99,1.72,8.77,2.51,0.57,2.75,9.47,5.31
2022-12-01,AVIATION & SATELITE,2389.3,609.4,1279.3,346.4,5.5,5.51,15592,2.25,4.38,4.89,6.61,3.23,2.01,5.53,5.92,19.87,11.94,7.73,1.93,-0.99,1.72,8.77,2.51,0.57,2.75,9.47,5.31
2022-12-01,ENERGY,1507.6,1133,296.6,202,5.5,5.51,15592,2.25,4.38,4.89,6.61,3.23,2.01,5.53,5.92,19.87,11.94,7.73,1.93,-0.99,1.72,8.77,2.51,0.57,2.75,9.47,5.31
2022-12-01,ENGINEERING,3202,1258.6,832,258.6,5.5,5.51,15592,2.25,4.38,4.89,6.61,3.23,2.01,5.53,5.92,19.87,11.94,7.73,1.93,-0.99,1.72,8.77,2.51,0.57,2.75,9.47,5.31
2022-12-01,LIABILITY,3539.8,269,1098.8,137,5.5,5.51,15592,2.25,4.38,4.89,6.61,3.23,2.01,5.53,5.92,19.87,11.94,7.73,1.93,-0.99,1.72,8.77,2.51,0.57,2.75,9.47,5.31
2022-12-01,PERSONAL ACCIDENT & HEALTH,8534.8,6530.1,2220.8,2185.1,5.5,5.51,15592,2.25,4.38,4.89,6.61,3.23,2.01,5.53,5.92,19.87,11.94,7.73,1.93,-0.99,1.72,8.77,2.51,0.57,2.75,9.47,5.31
2022-12-01,CREDIT INSURANCE,14297.6,12613.5,3524.6,4510.5,5.5,5.51,15592,2.25,4.38,4.89,6.61,3.23,2.01,5.53,5.92,19.87,11.94,7.73,1.93,-0.99,1.72,8.77,2.51,0.57,2.75,9.47,5.31
2022-12-01,SURETY SHIP,1366.9,371.6,393.9,39.6,5.5,5.51,15592,2.25,4.38,4.89,6.61,3.23,2.01,5.53,5.92,19.87,11.94,7.73,1.93,-0.99,1.72,8.77,2.51,0.57,2.75,9.47,5.31
2022-12-01,MISCELLANEOUS,3963.8,1185.9,1077.8,424.9,5.5,5.51,15592,2.25,4.38,4.89,6.61,3.23,2.01,5.53,5.92,19.87,11.94,7.73,1.93,-0.99,1.72,8.77,2.51,0.57,2.75,9.47,5.31
2023-03-01,PROPERTY,6401,1849,6401,1849,5.75,4.97,14977,0.44,4.92,4.43,2.67,5.69,0.32,4.94,6.93,15.93,11.54,7.11,4.45,-0.67,0.37,6.37,2.1,1.02,4.77,8.9,5.04
2023-03-01,MOTOR VEHICLE,5197,1722,5197,1722,5.75,4.97,14977,0.44,4.92,4.43,2.67,5.69,0.32,4.94,6.93,15.93,11.54,7.11,4.45,-0.67,0.37,6.37,2.1,1.02,4.77,8.9,5.04
2023-03-01,MARINE CARGO,1527,355,1527,355,5.75,4.97,14977,0.44,4.92,4.43,2.67,5.69,0.32,4.94,6.93,15.93,11.54,7.11,4.45,-0.67,0.37,6.37,2.1,1.02,4.77,8.9,5.04
2023-03-01,MARINE HULL,702,228,702,228,5.75,4.97,14977,0.44,4.92,4.43,2.67,5.69,0.32,4.94,6.93,15.93,11.54,7.11,4.45,-0.67,0.37,6.37,2.1,1.02,4.77,8.9,5.04
2023-03-01,AVIATION & SATELITE,182,79,182,79,5.75,4.97,14977,0.44,4.92,4.43,2.67,5.69,0.32,4.94,6.93,15.93,11.54,7.11,4.45,-0.67,0.37,6.37,2.1,1.02,4.77,8.9,5.04
2023-03-01,ENERGY,109,203,109,203,5.75,4.97,14977,0.44,4.92,4.43,2.67,5.69,0.32,4.94,6.93,15.93,11.54,7.11,4.45,-0.67,0.37,6.37,2.1,1.02,4.77,8.9,5.04
2023-03-01,ENGINEERING,983,383,983,383,5.75,4.97,14977,0.44,4.92,4.43,2.67,5.69,0.32,4.94,6.93,15.93,11.54,7.11,4.45,-0.67,0.37,6.37,2.1,1.02,4.77,8.9,5.04
2023-03-01,LIABILITY,1463,66,1463,66,5.75,4.97,14977,0.44,4.92,4.43,2.67,5.69,0.32,4.94,6.93,15.93,11.54,7.11,4.45,-0.67,0.37,6.37,2.1,1.02,4.77,8.9,5.04
2023-03-01,PERSONAL ACCIDENT & HEALTH,3562,1876,3562,1876,5.75,4.97,14977,0.44,4.92,4.43,2.67,5.69,0.32,4.94,6.93,15.93,11.54,7.11,4.45,-0.67,0.37,6.37,2.1,1.02,4.77,8.9,5.04
2023-03-01,CREDIT INSURANCE,4158,2936,4158,2936,5.75,4.97,14977,0.44,4.92,4.43,2.67,5.69,0.32,4.94,6.93,15.93,11.54,7.11,4.45,-0.67,0.37,6.37,2.1,1.02,4.77,8.9,5.04
2023-03-01,SURETY SHIP,576,83,576,83,5.75,4.97,14977,0.44,4.92,4.43,2.67,5.69,0.32,4.94,6.93,15.93,11.54,7.11,4.45,-0.67,0.37,6.37,2.1,1.02,4.77,8.9,5.04
2023-03-01,MISCELLANEOUS,1237,127,1237,127,5.75,4.97,14977,0.44,4.92,4.43,2.67,5.69,0.32,4.94,6.93,15.93,11.54,7.11,4.45,-0.67,0.37,6.37,2.1,1.02,4.77,8.9,5.04
2023-06-01,PROPERTY,12552,3277,6151,1428,5.75,3.52,15000,2.03,5.01,4.88,3.15,4.78,5.23,5.29,6.64,15.28,9.91,8.03,2.86,1.33,0.96,9.59,8.16,5.43,8.28,11.89,5.17
2023-06-01,MOTOR VEHICLE,9841,3345,4644,1623,5.75,3.52,15000,2.03,5.01,4.88,3.15,4.78,5.23,5.29,6.64,15.28,9.91,8.03,2.86,1.33,0.96,9.59,8.16,5.43,8.28,11.89,5.17
2023-06-01,MARINE CARGO,2526,632,999,277,5.75,3.52,15000,2.03,5.01,4.88,3.15,4.78,5.23,5.29,6.64,15.28,9.91,8.03,2.86,1.33,0.96,9.59,8.16,5.43,8.28,11.89,5.17
2023-06-01,MARINE HULL,1219,496,517,268,5.75,3.52,15000,2.03,5.01,4.88,3.15,4.78,5.23,5.29,6.64,15.28,9.91,8.03,2.86,1.33,0.96,9.59,8.16,5.43,8.28,11.89,5.17
2023-06-01,AVIATION & SATELITE,493,215,311,136,5.75,3.52,15000,2.03,5.01,4.88,3.15,4.78,5.23,5.29,6.64,15.28,9.91,8.03,2.86,1.33,0.96,9.59,8.16,5.43,8.28,11.89,5.17
2023-06-01,ENERGY,1102,806,993,603,5.75,3.52,15000,2.03,5.01,4.88,3.15,4.78,5.23,5.29,6.64,15.28,9.91,8.03,2.86,1.33,0.96,9.59,8.16,5.43,8.28,11.89,5.17
2023-06-01,ENGINEERING,2297,700,1314,317,5.75,3.52,15000,2.03,5.01,4.88,3.15,4.78,5.23,5.29,6.64,15.28,9.91,8.03,2.86,1.33,0.96,9.59,8.16,5.43,8.28,11.89,5.17
2023-06-01,LIABILITY,2131,415,668,349,5.75,3.52,15000,2.03,5.01,4.88,3.15,4.78,5.23,5.29,6.64,15.28,9.91,8.03,2.86,1.33,0.96,9.59,8.16,5.43,8.28,11.89,5.17
2023-06-01,PERSONAL ACCIDENT & HEALTH,5367,3453,1805,1577,5.75,3.52,15000,2.03,5.01,4.88,3.15,4.78,5.23,5.29,6.64,15.28,9.91,8.03,2.86,1.33,0.96,9.59,8.16,5.43,8.28,11.89,5.17
2023-06-01,CREDIT INSURANCE,8406,6134,4248,3198,5.75,3.52,15000,2.03,5.01,4.88,3.15,4.78,5.23,5.29,6.64,15.28,9.91,8.03,2.86,1.33,0.96,9.59,8.16,5.43,8.28,11.89,5.17
2023-06-01,SURETY SHIP,910,296,334,213,5.75,3.52,15000,2.03,5.01,4.88,3.15,4.78,5.23,5.29,6.64,15.28,9.91,8.03,2.86,1.33,0.96,9.59,8.16,5.43,8.28,11.89,5.17
2023-06-01,MISCELLANEOUS,2064,361,827,234,5.75,3.52,15000,2.03,5.01,4.88,3.15,4.78,5.23,5.29,6.64,15.28,9.91,8.03,2.86,1.33,0.96,9.59,8.16,5.43,8.28,11.89,5.17
2023-09-01,PROPERTY,18651.2,4889.4,6099.2,1612.4,5.75,2.28,15487,1.49,6.95,5.19,5.06,4.49,6.39,5.1,5.34,14.74,10.94,8.51,5.24,-0.35,2.21,9.37,-6.24,-2.07,2.91,11.14,4.94
2023-09-01,MOTOR VEHICLE,14589.8,5209.3,4748.8,1864.3,5.75,2.28,15487,1.49,6.95,5.19,5.06,4.49,6.39,5.1,5.34,14.74,10.94,8.51,5.24,-0.35,2.21,9.37,-6.24,-2.07,2.91,11.14,4.94
2023-09-01,MARINE CARGO,3891.6,939.3,1365.6,307.3,5.75,2.28,15487,1.49,6.95,5.19,5.06,4.49,6.39,5.1,5.34,14.74,10.94,8.51,5.24,-0.35,2.21,9.37,-6.24,-2.07,2.91,11.14,4.94
2023-09-01,MARINE HULL,1894.3,871.2,675.3,375.2,5.75,2.28,15487,1.49,6.95,5.19,5.06,4.49,6.39,5.1,5.34,14.74,10.94,8.51,5.24,-0.35,2.21,9.37,-6.24,-2.07,2.91,11.14,4.94
2023-09-01,AVIATION & SATELITE,877.1,250.4,384.1,35.4,5.75,2.28,15487,1.49,6.95,5.19,5.06,4.49,6.39,5.1,5.34,14.74,10.94,8.51,5.24,-0.35,2.21,9.37,-6.24,-2.07,2.91,11.14,4.94
2023-09-01,ENERGY,1195.5,891.1,93.5,85.1,5.75,2.28,15487,1.49,6.95,5.19,5.06,4.49,6.39,5.1,5.34,14.74,10.94,8.51,5.24,-0.35,2.21,9.37,-6.24,-2.07,2.91,11.14,4.94
2023-09-01,ENGINEERING,3645,1158.7,1348,458.7,5.75,2.28,15487,1.49,6.95,5.19,5.06,4.49,6.39,5.1,5.34,14.74,10.94,8.51,5.24,-0.35,2.21,9.37,-6.24,-2.07,2.91,11.14,4.94
2023-09-01,LIABILITY,3025.5,497.4,894.5,82.4,5.75,2.28,15487,1.49,6.95,5.19,5.06,4.49,6.39,5.1,5.34,14.74,10.94,8.51,5.24,-0.35,2.21,9.37,-6.24,-2.07,2.91,11.14,4.94
2023-09-01,PERSONAL ACCIDENT & HEALTH,7547.9,5353.7,2180.9,1900.7,5.75,2.28,15487,1.49,6.95,5.19,5.06,4.49,6.39,5.1,5.34,14.74,10.94,8.51,5.24,-0.35,2.21,9.37,-6.24,-2.07,2.91,11.14,4.94
2023-09-01,CREDIT INSURANCE,13866.7,9818.5,5460.7,3684.5,5.75,2.28,15487,1.49,6.95,5.19,5.06,4.49,6.39,5.1,5.34,14.74,10.94,8.51,5.24,-0.35,2.21,9.37,-6.24,-2.07,2.91,11.14,4.94
2023-09-01,SURETY SHIP,1359.9,307,449.9,11,5.75,2.28,15487,1.49,6.95,5.19,5.06,4.49,6.39,5.1,5.34,14.74,10.94,8.51,5.24,-0.35,2.21,9.37,-6.24,-2.07,2.91,11.14,4.94
2023-09-01,MISCELLANEOUS,3034.2,584.4,970.2,223.4,5.75,2.28,15487,1.49,6.95,5.19,5.06,4.49,6.39,5.1,5.34,14.74,10.94,8.51,5.24,-0.35,2.21,9.37,-6.24,-2.07,2.91,11.14,4.94
2023-12-01,PROPERTY,26489,6842,7837.8,1952.6,6,2.61,15439,1.3,6.12,4.64,4.91,4.9,4.91,4.85,4.5,13.96,10.01,7.59,4.77,-0.5,1.43,8.24,1.5,1.78,4.66,10.52,5.05
2023-12-01,MOTOR VEHICLE,19497,7043,4907.2,1833.7,6,2.61,15439,1.3,6.12,4.64,4.91,4.9,4.91,4.85,4.5,13.96,10.01,7.59,4.77,-0.5,1.43,8.24,1.5,1.78,4.66,10.52,5.05
2023-12-01,MARINE CARGO,5083,1507,1191.4,567.7,6,2.61,15439,1.3,6.12,4.64,4.91,4.9,4.91,4.85,4.5,13.96,10.01,7.59,4.77,-0.5,1.43,8.24,1.5,1.78,4.66,10.52,5.05
2023-12-01,MARINE HULL,2591,1211,696.7,339.8,6,2.61,15439,1.3,6.12,4.64,4.91,4.9,4.91,4.85,4.5,13.96,10.01,7.59,4.77,-0.5,1.43,8.24,1.5,1.78,4.66,10.52,5.05
2023-12-01,AVIATION & SATELITE,1711,287,833.9,36.6,6,2.61,15439,1.3,6.12,4.64,4.91,4.9,4.91,4.85,4.5,13.96,10.01,7.59,4.77,-0.5,1.43,8.24,1.5,1.78,4.66,10.52,5.05
2023-12-01,ENERGY,1576,1327,380.5,435.9,6,2.61,15439,1.3,6.12,4.64,4.91,4.9,4.91,4.85,4.5,13.96,10.01,7.59,4.77,-0.5,1.43,8.24,1.5,1.78,4.66,10.52,5.05
2023-12-01,ENGINEERING,5232,1509,1587,350.3,6,2.61,15439,1.3,6.12,4.64,4.91,4.9,4.91,4.85,4.5,13.96,10.01,7.59,4.77,-0.5,1.43,8.24,1.5,1.78,4.66,10.52,5.05
2023-12-01,LIABILITY,3957,698,931.5,200.6,6,2.61,15439,1.3,6.12,4.64,4.91,4.9,4.91,4.85,4.5,13.96,10.01,7.59,4.77,-0.5,1.43,8.24,1.5,1.78,4.66,10.52,5.05
2023-12-01,PERSONAL ACCIDENT & HEALTH,9468,7138,1920.1,1784.3,6,2.61,15439,1.3,6.12,4.64,4.91,4.9,4.91,4.85,4.5,13.96,10.01,7.59,4.77,-0.5,1.43,8.24,1.5,1.78,4.66,10.52,5.05
2023-12-01,CREDIT INSURANCE,22338,16881,8471.3,7062.5,6,2.61,15439,1.3,6.12,4.64,4.91,4.9,4.91,4.85,4.5,13.96,10.01,7.59,4.77,-0.5,1.43,8.24,1.5,1.78,4.66,10.52,5.05
2023-12-01,SURETY SHIP,1809,743,449.1,436,6,2.61,15439,1.3,6.12,4.64,4.91,4.9,4.91,4.85,4.5,13.96,10.01,7.59,4.77,-0.5,1.43,8.24,1.5,1.78,4.66,10.52,5.05
2023-12-01,MISCELLANEOUS,4115,947,1080.8,362.6,6,2.61,15439,1.3,6.12,4.64,4.91,4.9,4.91,4.85,4.5,13.96,10.01,7.59,4.77,-0.5,1.43,8.24,1.5,1.78,4.66,10.52,5.05
